source,shape,B,h,H,b,fillet,width,height,infill,mass_g,force_N,censored,wall_loops,top_layers,bottom_layers,layer_height,replicate_group,material,strw
voss_ibeam,I-beam,8.454,2.776,19.447,4.762,0.301,8.454,24.999,,38.71,769.63,False,,,,,,,19.881942650477914
voss_ibeam,I-beam,14.341,5.855,13.291,6.282,1.619,14.341,25.001,,69.39,2165.23,False,,,,,,,31.203775760195995
voss_ibeam,I-beam,10.134,3.029,18.942,1.534,0.039,10.134,25.0,,24.99,282.64,False,,,,,,,11.310124049619848
voss_ibeam,I-beam,11.201,4.109,16.782,9.325,0.325,11.201,25.0,,68.27,1904.32,False,,,,,,,27.893950490698696
voss_ibeam,I-beam,5.692,1.908,21.185,3.963,0.472,5.692,25.000999999999998,,29.46,111.4,False,,,,,,,3.781398506449423
voss_ibeam,I-beam,3.497,1.34,22.32,1.484,0.768,3.497,25.0,,12.1,11.0,False,,,,,,,0.9090909090909092
voss_ibeam,I-beam,13.969,5.63,13.741,3.324,3.963,13.969,25.000999999999998,,59.53,1991.42,False,,,,,,,33.45237695279691
voss_ibeam,I-beam,6.339,4.472,16.055,5.823,0.227,6.339,24.999000000000002,,41.4,768.76,False,,,,,,,18.569082125603867
voss_ibeam,I-beam,15.497,1.105,22.791,2.213,0.296,15.497,25.001,,23.35,295.03,False,,,,,,,12.63511777301927
voss_ibeam,I-beam,8.583,2.31,20.379,1.102,3.524,8.583,24.999000000000002,,19.55,139.16,False,,,,,,,7.118158567774936
voss_ibeam,I-beam,14.106,1.258,22.485,8.513,2.728,14.106,25.000999999999998,,64.49,1853.12,False,,,,,,,28.734997674057993
voss_ibeam,I-beam,8.087,6.347,12.307,3.443,1.481,8.087,25.001,,40.88,732.03,False,,,,,,,17.90680039138943
voss_ibeam,I-beam,9.831,6.5,12.001,5.127,0.03,9.831,25.000999999999998,,52.07,1452.87,False,,,,,,,27.902246975225655
voss_ibeam,I-beam,11.169,1.521,21.958,1.571,1.944,11.169,25.0,,19.75,170.61,False,,,,,,,8.638481012658229
voss_ibeam,I-beam,16.0,5.66,13.68,3.68868,3.999,16.0,25.0,,66.73,2131.32,False,,,,,,,31.93945751536041
voss_ibeam,I-beam,16.0,6.281527,12.436946,4.3619,3.983,16.0,25.0,,71.85,2284.28,False,,,,,,,31.79234516353515
voss_ibeam,I-beam,16.0,5.437334,14.125331,4.0387,3.359,16.0,24.999999,,65.56,2112.11,False,,,,,,,32.216442953020135
voss_ibeam,I-beam,16.0,3.25292,18.494161,3.3182,3.993848,16.0,25.000000999999997,,47.88,1330.87,False,,,,,,,27.795948203842936
voss_ibeam,I-beam,16.0,3.751604,17.496791,3.314385,3.99725,16.0,24.999999000000003,,51.51,1551.51,False,,,,,,,30.120559114735006
voss_ibeam,I-beam,16.0,4.251679,16.496642,3.314601,3.998084,16.0,25.0,,54.7,1680.9,False,,,,,,,30.729433272394882
voss_ibeam,I-beam,16.0,5.4088755,14.182249,4.0387,3.359,16.0,25.0,,64.22,2105.86,False,,,,,,,32.79134226097789
voss_ibeam,I-beam,13.969,5.63,13.741,3.324,3.963,13.969,25.000999999999998,,60.09,1850.0,False,,,,,,,30.78715260442669
voss_ibeam,I-beam,16.0,5.63,13.741,3.324,3.963,16.0,25.000999999999998,,66.42,2170.19,False,,,,,,,32.6737428485396
voss_ibeam,I-beam,16.0,6.281527,12.436946,3.48,3.967,16.0,25.0,,71.37,2344.0,False,,,,,,,32.842931203586936
voss_ibeam,I-beam,16.0,5.4375,14.125,3.733,3.63,16.0,25.0,,65.84,2115.0,False,,,,,,,32.12332928311057
voss_ibeam,I-beam,9.5,2.75,19.5,1.8,1.57,9.5,25.0,,23.87,310.59,False,,,,,,,13.01173020527859
voss_ibeam,I-beam,13.969,5.63,13.74,2.7,2.0,13.969,25.0,,53.19,1602.09,False,,,,,,,30.120135363790187
voss_ibeam,I-beam,15.0,5.0,15.0,3.2,1.5,15.0,25.0,,54.17,1764.13,False,,,,,,,32.56654975078457
voss_ibeam,I-beam,16.0,6.0,13.0,3.2,3.0,16.0,25.0,,64.57,2015.67,False,,,,,,,31.2168189561716
voss_ibeam,I-beam,15.0,4.0,17.0,5.0,1.5,15.0,25.0,,55.32,1685.38,False,,,,,,,30.46601590744758
voss_ibeam,I-beam,16.0,6.5,12.0,2.0,4.0,16.0,25.0,,65.56,1852.79,False,,,,,,,28.26098230628432
voss_ibeam,I-beam,15.28,5.43,14.14,3.63,1.5,15.28,25.0,,61.86,2078.34,False,,,,,,,33.597478176527645
voss_ibeam,I-beam,16.0,4.0,17.0,4.5,2.05,16.0,25.0,,57.86,1760.0,False,,,,,,,30.418250950570343
voss_ibeam,I-beam,12.0,5.0,15.0,5.0,0.0,12.0,25.0,,52.61,1523.72,False,,,,,,,28.962554647405437
voss_ibeam,I-beam,14.0,6.5,12.0,9.0,0.0,14.0,25.0,,77.79,2104.27,False,,,,,,,27.0506491836997
voss_ibeam,I-beam,10.0,5.0,15.0,7.0,0.0,10.0,25.0,,55.45,1555.59,False,,,,,,,28.05392245266005
voss_ibeam,I-beam,16.0,6.0,13.0,10.67,2.0,16.0,25.0,,89.38,2441.26,False,,,,,,,27.313269187737752
voss_ibeam,I-beam,16.0,1.9000000000000004,21.2,0.8,2.0,16.0,25.0,,20.9,68.9,False,,,,,,,3.2966507177033497
voss_ibeam,I-beam,16.0,4.0,17.0,2.7,2.0,16.0,25.0,,47.9,1379.0,False,,,,,,,28.789144050104387
voss_ibeam,I-beam,16.0,2.9999999999999982,19.000000000000004,1.5,7.25,16.0,25.0,,45.839999999999996,1323.0,False,,,,,,,28.86125654450262
voss_ibeam,I-beam,16.0,2.9999999999999982,19.000000000000004,3.0,6.500000000000001,16.0,25.0,,50.75,1674.2,False,,,,,,,32.98916256157636
voss_ibeam,I-beam,14.0,5.629999999999999,13.740000000000002,3.2399999999999998,3.9630000000000005,14.0,25.0,,64.06,2073.98,False,,,,,,,32.37558538869809
voss_ibeam,I-beam,16.0,5.629999999999999,13.740000000000002,4.0,4.5,16.0,25.0,,67.51,2118.83,False,,,,,,,31.385424381573095
voss_ibeam,I-beam,16.0,5.799999999999999,13.400000000000002,4.070000000000001,3.0,16.0,25.0,,68.91,2185.14,False,,,,,,,31.710056595559426
voss_ibeam,I-beam,16.0,2.9999999999999982,19.000000000000004,4.950000000000002,5.0,16.0,25.0,,52.81,1503.74,False,,,,,,,28.474531338761597
voss_ibeam,I-beam,16.0,4.649,15.702,0.8,7.6,16.0,25.0,,57.18,813.0,False,,,,,,,14.21825813221406
voss_ibeam,I-beam,16.0,3.651,17.698,0.8,7.6,16.0,25.0,,48.8,826.82,False,,,,,,,16.943032786885247
voss_ibeam,I-beam,13.969,5.63,13.741,3.324,3.963,13.969,25.000999999999998,,58.62,1851.45,False,,,,,,,31.58393039918117
voss_ibeam,I-beam,13.969,5.63,13.741,3.324,3.963,13.969,25.000999999999998,,58.64,1691.91,False,,,,,,,28.8524897680764
voss_ibeam,I-beam,15.28,5.43,14.14,3.63,1.5,15.28,25.0,,60.14,1823.3,False,,,,,,,30.317592284669104
voss_rect,rectangle,,,,,,14.7,22.0,1.0,82.39,1450.04,False,2.0,3.0,3.0,0.2,A,Bambu PLA,17.59970870251244
voss_rect,rectangle,,,,,,14.7,22.0,1.0,82.32,1462.0,False,2.0,3.0,3.0,0.2,A,Bambu PLA,17.759961127308067
voss_rect,rectangle,,,,,,14.7,22.0,1.0,82.37,1447.31,False,2.0,3.0,3.0,0.2,A,Bambu PLA,17.570838897656913
voss_rect,rectangle,,,,,,14.7,22.0,1.0,82.28,1447.74,False,2.0,3.0,3.0,0.2,A,Bambu PLA,17.595284394749637
voss_rect,rectangle,,,,,,14.7,22.0,1.0,82.29,1451.55,False,2.0,3.0,3.0,0.2,A,Bambu PLA,17.639445862194677
voss_rect,rectangle,,,,,,14.7,22.0,0.25,35.91,612.08,False,2.0,3.0,3.0,0.2,B,Bambu PLA,17.044834307992204
voss_rect,rectangle,,,,,,14.7,22.0,0.25,35.86,604.01,False,2.0,3.0,3.0,0.2,B,Bambu PLA,16.84355828220859
voss_rect,rectangle,,,,,,14.7,22.0,0.25,35.9,565.01,False,2.0,3.0,3.0,0.2,B,Bambu PLA,15.738440111420614
voss_rect,rectangle,,,,,,14.7,22.0,0.25,35.9,569.29,False,2.0,3.0,3.0,0.2,B,Bambu PLA,15.857660167130918
voss_rect,rectangle,,,,,,14.7,22.0,0.25,35.86,590.59,False,2.0,3.0,3.0,0.2,B,Bambu PLA,16.469325153374236
voss_rect,rectangle,,,,,,14.7,22.0,0.61,65.5,1336.74,False,5.0,6.0,6.0,0.32,,SunLu PLA+ 2.0,20.40824427480916
voss_rect,rectangle,,,,,,14.7,22.0,0.12,22.87,451.28,False,1.0,6.0,6.0,0.135,,SunLu PLA+ 2.0,19.73240052470485
voss_rect,rectangle,,,,,,14.7,22.0,0.12,23.66,379.88,False,2.0,2.0,2.0,0.295,,SunLu PLA+ 2.0,16.05579036348267
voss_rect,rectangle,,,,,,14.7,22.0,0.91,77.97,1375.65,False,2.0,4.0,4.0,0.243,,SunLu PLA+ 2.0,17.643324355521354
voss_rect,rectangle,,,,,,14.7,22.0,1.0,84.5,1736.8,False,5.0,6.0,6.0,0.228,,SunLu PLA+ 2.0,20.553846153846152
voss_rect,rectangle,,,,,,14.7,22.0,1.0,81.84,1425.21,False,1.0,6.0,6.0,0.08,,SunLu PLA+ 2.0,17.41458944281525
voss_rect,rectangle,,,,,,14.7,22.0,0.64,59.49,1000.07,False,2.0,4.0,4.0,0.24,,SunLu PLA+ 2.0,16.810724491511177
voss_rect,rectangle,,,,,,14.7,22.0,0.88,78.74,1480.93,False,5.0,6.0,6.0,0.097,,SunLu PLA+ 2.0,18.80784861569723
voss_rect,rectangle,,,,,,14.7,22.0,0.88,79.73,1536.24,False,5.0,6.0,6.0,0.308,,SunLu PLA+ 2.0,19.26802959989966
voss_rect,rectangle,,,,,,14.7,22.0,0.8,71.74,1174.1,False,4.0,1.0,1.0,0.09,,SunLu PLA+ 2.0,16.366044047950933
voss_rect,rectangle,,,,,,14.7,22.0,0.7,60.89,869.89,False,1.0,2.0,2.0,0.14,,SunLu PLA+ 2.0,14.286253900476268
voss_rect,rectangle,,,,,,14.7,22.0,0.45,48.86,839.88,False,2.0,5.0,5.0,0.19,,SunLu PLA+ 2.0,17.18952108063856
voss_rect,rectangle,,,,,,14.7,22.0,1.0,80.23,1464.51,False,5.0,2.0,2.0,0.25,,SunLu PLA+ 2.0,18.253895051726285
voss_rect,rectangle,,,,,,14.7,22.0,0.2,30.12,514.11,False,2.0,3.0,3.0,0.31,,SunLu PLA+ 2.0,17.068725099601593
voss_rect,rectangle,,,,,,14.7,22.0,0.15,30.54,585.56,False,3.0,4.0,4.0,0.12,,SunLu PLA+ 2.0,19.173542894564505
voss_rect,rectangle,,,,,,14.7,22.0,0.6,55.52,970.02,False,2.0,6.0,6.0,0.16,,SunLu PLA+ 2.0,17.471541786743515
voss_rect,rectangle,,,,,,14.7,22.0,0.35,43.21,821.5,False,3.0,4.0,4.0,0.29,,SunLu PLA+ 2.0,19.011802823420503
voss_rect,rectangle,,,,,,14.7,22.0,0.55,56.55,1061.36,False,4.0,5.0,5.0,0.22,,SunLu PLA+ 2.0,18.768523430592396
voss_rect,rectangle,,,,,,14.7,22.0,0.2,44.19,1007.58,False,5.0,6.0,6.0,0.32,EI \#1,,22.801086218601494
voss_rect,rectangle,,,,,,14.7,22.0,0.2,44.28,1009.9,False,5.0,6.0,6.0,0.32,EI \#1,,22.807136404697378
voss_rect,rectangle,,,,,,14.7,22.0,0.2,45.3,1021.55,False,5.0,6.0,6.0,0.32,EI \#1,,22.55077262693157
voss_rect,rectangle,,,,,,14.7,22.0,0.2,45.27,1018.84,False,5.0,6.0,6.0,0.32,EI \#1,,22.505853766291143
voss_rect,rectangle,,,,,,14.7,22.0,0.05,35.18,734.85,False,5.0,6.0,6.0,0.08,EI \#2,,20.888288800454806
voss_rect,rectangle,,,,,,14.7,22.0,0.05,34.81,731.17,False,5.0,6.0,6.0,0.08,EI \#2,,21.00459638035047
voss_rect,rectangle,,,,,,14.7,22.0,0.05,35.62,751.7,False,5.0,6.0,6.0,0.08,EI \#2,,21.103312745648516
voss_rect,rectangle,,,,,,14.7,22.0,0.05,35.6,726.59,False,5.0,6.0,6.0,0.08,EI \#2,,20.40983146067416
voss_rect,rectangle,,,,,,14.7,22.0,0.25,46.87,1038.02,False,5.0,6.0,6.0,0.32,,,22.146788990825687
voss_rect,rectangle,,,,,,14.7,22.0,0.05,37.62,967.91,False,5.0,6.0,6.0,0.32,,,25.728601807549175
voss_rect,rectangle,,,,,,14.7,22.0,0.05,34.28,717.66,False,5.0,6.0,6.0,0.08,,,20.93523920653442
voss_rect,rectangle,,,,,,14.7,22.0,0.05,32.02,670.32,False,5.0,1.0,1.0,0.08,,,20.934415990006247
fall26_ibeam_r1,I-beam,12.0,6.5,17.0,4.0,,12.0,30.0,0.1,48.48,1448.02,False,,,,,,,29.868399339933994
fall26_ibeam_r1,I-beam,12.0,4.0,23.0,3.0,,12.0,31.0,0.1,44.02,1068.5,False,3.0,10.0,10.0,,,,24.273057701044976
fall26_ibeam_r1,I-beam,15.0,6.15,18.7,2.5,,15.0,31.0,0.1,37.28,889.9,False,2.0,6.0,6.0,,,,23.870708154506435
fall26_ibeam_r1,I-beam,14.0,5.0,17.0,2.6,,14.0,27.0,0.1,40.98,975.4,False,4.0,8.0,8.0,,,,23.801854563201562
fall26_ibeam_r1,I-beam,18.0,4.0,16.0,3.0,,18.0,24.0,0.2,35.5,842.5,False,5.0,,,,,,23.732394366197184
fall26_ibeam_r1,I-beam,20.0,4.0,16.05,2.0,,20.0,24.05,0.85,46.24,1076.0,False,,,,,,,23.269896193771626
fall26_ibeam_r1,I-beam,18.0,5.0,18.0,3.25,,18.0,28.0,0.1,43.66,913.6,False,3.0,5.0,5.0,,,,20.925332111772793
fall26_ibeam_r1,I-beam,10.0,3.5,24.0,3.0,,10.0,31.0,0.4,31.08,589.54,False,,1.0,1.0,,,,18.96846846846847
fall26_ibeam_r1,I-beam,14.6,3.0,25.0,3.0,,14.6,31.0,0.1,33.1,579.5,False,3.0,,,,,,17.507552870090635
fall26_ibeam_r1,I-beam,12.0,6.5,17.0,4.0,,12.0,30.0,0.1,45.16,1269.4,False,,,,,,,28.108945969884857
fall26_ibeam_r2,I-beam,15.0,6.5,16.0,4.0,,15.0,29.0,0.85,63.3,1928.56,False,6.0,,,,,,30.46698262243286
fall26_ibeam_r2,I-beam,14.0,7.0,17.0,5.5,,14.0,31.0,0.1,65.17,2313.79,False,4.0,15.0,15.0,,,,35.50391284333282
fall26_ibeam_r2,I-beam,12.0,8.0,15.0,5.5,3.0,12.0,31.0,0.2,63.08,2141.48,False,7.0,15.0,15.0,,,,33.94863665187064
fall26_ibeam_r2,I-beam,12.0,5.0,21.0,4.0,4.0,12.0,31.0,0.4,50.53,1466.63,False,5.0,,,,,,29.024935681773204
fall26_ibeam_r2,I-beam,16.0,6.0,19.0,2.5,0.75,16.0,31.0,0.9,62.08,1934.0,False,,8.0,8.0,,,,31.15335051546392
fall26_ibeam_r2,I-beam,12.0,7.0,17.0,4.0,2.0,12.0,31.0,0.65,58.62,1950.16,False,6.0,8.0,8.0,,,,33.26782668031389
fall26_ibeam_r2,I-beam,12.0,4.0,15.0,4.0,2.0,12.0,23.0,0.35,35.02,771.0,False,5.0,,,,,,22.01599086236436
fall26_ibeam_r2,I-beam,17.0,3.5,24.0,4.5,4.0,17.0,31.0,0.1,62.04,2301.6,False,5.0,10.0,10.0,,,,37.09864603481625
fall26_ibeam_r3,I-beam,,,,,,,,,84.93,2903.5,True,,,,,,,34.18697751089132
fall26_ibeam_r3,I-beam,21.5,3.75,23.5,4.0,5.0,21.5,31.0,0.2,70.48,2564.21,True,5.0,10.0,10.0,,,,36.38209421112372
fall26_ibeam_r3,I-beam,19.0,4.0,23.0,5.0,5.0,19.0,31.0,0.6,67.66,2326.0,False,,,,,,,34.37777120898611
fall26_ibeam_r3,I-beam,16.0,5.0,21.0,4.5,6.0,16.0,31.0,0.2,66.64,2338.32,True,6.0,10.0,10.0,,,,35.088835534213686
fall26_ibeam_r3,I-beam,17.0,3.5,24.0,4.5,4.0,17.0,31.0,0.1,62.2,2296.0,False,5.0,10.0,10.0,,,,36.91318327974276
fall26_ibeam_r3,I-beam,18.0,3.25,24.5,4.0,5.0,18.0,31.0,0.1,59.51,2183.56,False,5.0,10.0,10.0,,,,36.69232061838346
fall26_ibeam_r3,I-beam,15.0,6.0,19.0,5.0,4.0,15.0,31.0,0.05,56.87,1518.4,False,4.0,12.0,10.0,,,,26.69949006506067
fall26_ibeam_r3,I-beam,13.0,7.0,15.0,4.0,2.5,13.0,29.0,0.45,56.67,1719.97,False,6.0,8.0,6.0,,,,30.35062643373919
fall26_rect_r1,rectangle,,,,,,15.0,29.5,0.2,62.14,1667.9,False,,,,,,,26.84100418410042
fall26_rect_r1,rectangle,,,,,,10.0,25.0,0.2,51.37,1262.75,False,,,,,,,24.58146778275258
fall26_rect_r1,rectangle,,,,,,10.0,29.5,0.9,69.38,1572.0,False,,,,,,,22.657826462957626
fall26_rect_r1,rectangle,,,,,,14.0,29.5,0.6,70.97,1466.0,False,,,,,,,20.656615471325914
fall26_rect_r1,rectangle,,,,,,15.0,29.5,0.625,78.21,1576.2,False,,,,,,,20.15343306482547
fall26_rect_r1,rectangle,,,,,,19.5,29.5,0.2,48.99,938.86,False,,,,,,,19.164319248826292
fall26_rect_r1,rectangle,,,,,,16.0,25.0,0.81,85.82,1464.0,False,,,,,,,17.058960615241205
fall26_rect_r1,rectangle,,,,,,24.0,25.0,0.4,75.56,1257.5,False,,,,,,,16.642403388035998
fall26_rect_r1,rectangle,,,,,,21.9,23.0,0.6,85.31,1225.0,False,,,,,,,14.359395147110538
fall26_rect_r2,rectangle,,,,,,15.0,31.0,0.1,73.17,2360.2,False,,,,,,,32.256389230558966
fall26_rect_r2,rectangle,,,,,,15.0,31.0,0.15,59.07,1750.0,False,,,,,,,29.62586761469443
fall26_rect_r2,rectangle,,,,,,13.0,30.0,0.15,47.34,1302.87,False,4.0,4.0,8.0,,,,27.521546261089984
fall26_rect_r2,rectangle,,,,,,15.0,31.0,0.2,52.71,1400.0,False,5.0,5.0,5.0,,,,26.56042496679947
fall26_rect_r2,rectangle,,,,,,28.5,31.0,0.2,57.71,1450.0,False,5.0,,,,,,25.12562814070352
fall26_rect_r2,rectangle,,,,,,15.5,31.0,0.3,73.25,1688.0,False,4.0,6.0,6.0,,,,23.044368600682596
fall26_rect_r2,rectangle,,,,,,18.0,31.0,0.47,95.72,1895.95,False,,,,,,,19.807250313414126
fall26_rect_r2,rectangle,,,,,,13.5,31.0,0.4,61.94,1183.0,False,3.0,,,,,,19.099128188569583
fall26_rect_r2,rectangle,,,,,,20.0,31.0,0.423,89.06,1527.45,False,3.0,,,,,,17.15079721536043
