dataset,param,kernel,seed,noise,b_rec,H_rec,pred_strw,gt_strw,gt_var,dist_to_strong,in_strong_zone,length_scales
n13_all,b_H,matern,0,0.0001,2.57,12.026,34.79,25.42,0.016644,0.2612,False,"[0.451, 3.0]"
n13_all,b_H,matern,1,0.0001,2.568,12.073,34.73,25.36,0.016752,0.2577,False,"[0.451, 3.0]"
n13_all,b_H,matern,2,0.0001,2.567,12.075,34.72,25.36,0.016763,0.2576,False,"[0.451, 3.0]"
n13_all,b_H,matern,3,0.0001,2.497,12.014,34.76,25.05,0.017028,0.2675,False,"[0.451, 3.0]"
n13_all,b_H,matern,4,0.0001,2.555,12.0,34.82,25.36,0.016734,0.2643,False,"[0.451, 3.0]"
n13_all,b_dH_R,matern,0,0.0001,2.57,12.026,36.17,25.42,0.016644,0.2612,False,"[0.389, 3.0, 1.661]"
n13_all,b_dH_R,matern,1,0.0001,2.667,12.028,36.13,25.92,0.015875,0.2542,False,"[0.389, 3.0, 1.661]"
n13_all,b_dH_R,matern,2,0.0001,2.567,12.075,36.09,25.36,0.016763,0.2576,False,"[0.389, 3.0, 1.661]"
n13_all,b_dH_R,matern,3,0.0001,2.497,12.014,36.13,25.05,0.017028,0.2675,False,"[0.389, 3.0, 1.661]"
n13_all,b_dH_R,matern,4,0.0001,2.555,12.0,36.21,25.36,0.016734,0.2643,False,"[0.389, 3.0, 1.661]"
n13_all,Pltb_Pbend,matern,0,0.0001,1.128,15.817,32.05,26.66,0.061786,0.3594,False,"[0.15, 1.3]"
n13_all,Pltb_Pbend,matern,1,0.0001,1.004,15.953,32.0,25.83,0.071273,0.3802,False,"[0.15, 1.3]"
n13_all,Pltb_Pbend,matern,2,0.0001,1.015,15.924,32.03,25.97,0.070735,0.3778,False,"[0.15, 1.3]"
n13_all,Pltb_Pbend,matern,3,0.0001,1.008,15.936,32.02,25.9,0.071281,0.3792,False,"[0.15, 1.3]"
n13_all,Pltb_Pbend,matern,4,0.0001,1.01,15.952,31.99,25.84,0.070685,0.3794,False,"[0.15, 1.3]"
n13_all,b_Pltb_Pbend,matern,0,0.0001,7.927,13.838,32.34,29.52,0.006486,0.4932,False,"[3.0, 0.15, 1.106]"
n13_all,b_Pltb_Pbend,matern,1,0.0001,7.965,13.776,32.34,29.5,0.006335,0.4994,False,"[3.0, 0.15, 1.106]"
n13_all,b_Pltb_Pbend,matern,2,0.0001,7.933,13.824,32.34,29.52,0.006464,0.4943,False,"[3.0, 0.15, 1.106]"
n13_all,b_Pltb_Pbend,matern,3,0.0001,7.999,13.894,32.34,29.5,0.006516,0.5029,False,"[3.0, 0.15, 1.106]"
n13_all,b_Pltb_Pbend,matern,4,0.0001,7.915,13.833,32.33,29.52,0.006483,0.4917,False,"[3.0, 0.15, 1.106]"
n13_all,b_dH_Pltb_Pbend,matern,0,0.0001,4.45,13.808,30.24,31.98,0.000225,0.0493,True,"[0.562, 3.0, 0.715, 0.496]"
n13_all,b_dH_Pltb_Pbend,matern,1,0.0001,4.548,13.771,30.21,32.0,0.00024,0.0609,True,"[0.562, 3.0, 0.715, 0.496]"
n13_all,b_dH_Pltb_Pbend,matern,2,0.0001,3.697,12.027,30.64,30.25,0.002651,0.217,False,"[0.562, 3.0, 0.715, 0.496]"
n13_all,b_dH_Pltb_Pbend,matern,3,0.0001,4.552,13.782,30.2,32.03,0.000252,0.0606,True,"[0.562, 3.0, 0.715, 0.496]"
n13_all,b_dH_Pltb_Pbend,matern,4,0.0001,4.549,13.795,30.19,32.05,0.00026,0.0595,True,"[0.562, 3.0, 0.715, 0.496]"
n13_all,b_H,rbf,0,0.0001,4.518,16.613,32.09,31.74,8.6e-05,0.0546,True,"[0.514, 0.507]"
n13_all,b_H,rbf,1,0.0001,4.554,16.734,32.09,31.93,8.9e-05,0.0428,True,"[0.514, 0.507]"
n13_all,b_H,rbf,2,0.0001,4.447,16.653,32.1,31.72,8.2e-05,0.0543,True,"[0.514, 0.507]"
n13_all,b_H,rbf,3,0.0001,4.481,16.603,32.1,31.7,7.9e-05,0.0569,True,"[0.514, 0.507]"
n13_all,b_H,rbf,4,0.0001,4.496,16.63,32.1,31.75,8.2e-05,0.0539,True,"[0.514, 0.507]"
n13_all,b_dH_R,rbf,0,0.0001,3.14,12.063,30.3,28.18,0.009699,0.2274,False,"[0.213, 3.0, 0.293]"
n13_all,b_dH_R,rbf,1,0.0001,3.385,12.014,31.09,29.24,0.006252,0.2266,False,"[0.213, 3.0, 0.293]"
n13_all,b_dH_R,rbf,2,0.0001,3.26,12.03,30.72,28.73,0.007973,0.2272,False,"[0.213, 3.0, 0.293]"
n13_all,b_dH_R,rbf,3,0.0001,3.351,12.032,31.0,29.09,0.006688,0.2254,False,"[0.213, 3.0, 0.293]"
n13_all,b_dH_R,rbf,4,0.0001,3.26,12.01,30.73,28.75,0.008007,0.229,False,"[0.213, 3.0, 0.293]"
n13_all,Pltb_Pbend,rbf,0,0.0001,4.239,16.44,32.42,31.31,7.6e-05,0.0754,True,"[0.15, 0.198]"
n13_all,Pltb_Pbend,rbf,1,0.0001,4.28,16.469,32.44,31.37,7.6e-05,0.0805,True,"[0.15, 0.198]"
n13_all,Pltb_Pbend,rbf,2,0.0001,4.342,16.461,32.51,31.42,6.3e-05,0.0766,True,"[0.15, 0.198]"
n13_all,Pltb_Pbend,rbf,3,0.0001,4.352,16.49,32.49,31.46,6.8e-05,0.0736,True,"[0.15, 0.198]"
n13_all,Pltb_Pbend,rbf,4,0.0001,4.378,16.499,32.51,31.49,6.7e-05,0.0712,True,"[0.15, 0.198]"
n13_all,b_Pltb_Pbend,rbf,0,0.0001,3.471,12.093,30.98,29.47,0.005112,0.2189,False,"[0.208, 0.351, 3.0]"
n13_all,b_Pltb_Pbend,rbf,1,0.0001,3.385,12.014,30.76,29.24,0.006252,0.2266,False,"[0.208, 0.351, 3.0]"
n13_all,b_Pltb_Pbend,rbf,2,0.0001,3.26,12.03,30.33,28.73,0.007973,0.2272,False,"[0.208, 0.351, 3.0]"
n13_all,b_Pltb_Pbend,rbf,3,0.0001,3.351,12.032,30.65,29.09,0.006688,0.2254,False,"[0.208, 0.351, 3.0]"
n13_all,b_Pltb_Pbend,rbf,4,0.0001,3.26,12.01,30.33,28.75,0.008007,0.229,False,"[0.208, 0.351, 3.0]"
n13_all,b_dH_Pltb_Pbend,rbf,0,0.0001,3.389,12.11,30.7,29.15,0.006205,0.2179,False,"[0.21, 3.0, 0.357, 3.0]"
n13_all,b_dH_Pltb_Pbend,rbf,1,0.0001,3.385,12.014,30.71,29.24,0.006252,0.2266,False,"[0.21, 3.0, 0.357, 3.0]"
n13_all,b_dH_Pltb_Pbend,rbf,2,0.0001,3.26,12.03,30.29,28.73,0.007973,0.2272,False,"[0.21, 3.0, 0.357, 3.0]"
n13_all,b_dH_Pltb_Pbend,rbf,3,0.0001,3.351,12.032,30.6,29.09,0.006688,0.2254,False,"[0.21, 3.0, 0.357, 3.0]"
n13_all,b_dH_Pltb_Pbend,rbf,4,0.0001,3.26,12.01,30.29,28.75,0.008007,0.229,False,"[0.21, 3.0, 0.357, 3.0]"
n10_b2,b_H,matern,0,0.0001,2.035,12.111,29.86,22.61,0.015618,0.3017,False,"[0.362, 0.671]"
n10_b2,b_H,matern,1,0.0001,2.025,12.035,29.87,22.63,0.014923,0.3075,False,"[0.362, 0.671]"
n10_b2,b_H,matern,2,0.0001,2.156,12.034,30.0,23.28,0.016382,0.2952,False,"[0.362, 0.671]"
n10_b2,b_H,matern,3,0.0001,2.055,12.023,29.9,22.79,0.015257,0.3055,False,"[0.362, 0.671]"
n10_b2,b_H,matern,4,0.0001,2.081,12.081,29.91,22.86,0.015913,0.2991,False,"[0.362, 0.671]"
n10_b2,b_dH_R,matern,0,0.0001,2.001,22.628,28.61,20.93,0.136854,0.6175,False,"[3.0, 1.329, 0.15]"
n10_b2,b_dH_R,matern,1,0.0001,2.009,22.677,28.6,21.18,0.137809,0.6204,False,"[3.0, 1.329, 0.15]"
n10_b2,b_dH_R,matern,2,0.0001,2.01,22.71,28.6,21.31,0.138423,0.6228,False,"[3.0, 1.329, 0.15]"
n10_b2,b_dH_R,matern,3,0.0001,2.026,22.964,28.59,22.34,0.142406,0.6401,False,"[3.0, 1.329, 0.15]"
n10_b2,b_dH_R,matern,4,0.0001,2.007,22.832,28.6,21.76,0.140523,0.6319,False,"[3.0, 1.329, 0.15]"
n10_b2,Pltb_Pbend,matern,0,0.0001,2.019,12.533,31.35,22.26,0.023852,0.277,False,"[0.189, 0.56]"
n10_b2,Pltb_Pbend,matern,1,0.0001,2.047,12.461,31.33,22.42,0.022242,0.2782,False,"[0.189, 0.56]"
n10_b2,Pltb_Pbend,matern,2,0.0001,2.015,12.465,31.31,22.27,0.02214,0.2815,False,"[0.189, 0.56]"
n10_b2,Pltb_Pbend,matern,3,0.0001,2.097,12.472,31.36,22.64,0.02268,0.2723,False,"[0.189, 0.56]"
n10_b2,Pltb_Pbend,matern,4,0.0001,2.014,12.426,31.28,22.29,0.021206,0.2839,False,"[0.189, 0.56]"
n10_b2,b_Pltb_Pbend,matern,0,0.0001,2.036,12.254,31.12,22.5,0.017715,0.2922,False,"[3.0, 0.19, 0.533]"
n10_b2,b_Pltb_Pbend,matern,1,0.0001,2.004,12.215,31.06,22.38,0.016643,0.2981,False,"[3.0, 0.19, 0.533]"
n10_b2,b_Pltb_Pbend,matern,2,0.0001,2.015,12.465,31.24,22.27,0.02214,0.2815,False,"[3.0, 0.19, 0.533]"
n10_b2,b_Pltb_Pbend,matern,3,0.0001,2.097,12.472,31.29,22.64,0.02268,0.2723,False,"[3.0, 0.19, 0.533]"
n10_b2,b_Pltb_Pbend,matern,4,0.0001,2.014,12.426,31.23,22.29,0.021206,0.2839,False,"[3.0, 0.19, 0.533]"
n10_b2,b_dH_Pltb_Pbend,matern,0,0.0001,2.036,12.254,31.16,22.5,0.017715,0.2922,False,"[3.0, 3.0, 0.193, 0.541]"
n10_b2,b_dH_Pltb_Pbend,matern,1,0.0001,2.004,12.215,31.1,22.38,0.016643,0.2981,False,"[3.0, 3.0, 0.193, 0.541]"
n10_b2,b_dH_Pltb_Pbend,matern,2,0.0001,2.005,12.272,31.15,22.35,0.017704,0.2943,False,"[3.0, 3.0, 0.193, 0.541]"
n10_b2,b_dH_Pltb_Pbend,matern,3,0.0001,2.097,12.472,31.32,22.64,0.02268,0.2723,False,"[3.0, 3.0, 0.193, 0.541]"
n10_b2,b_dH_Pltb_Pbend,matern,4,0.0001,2.014,12.426,31.26,22.29,0.021206,0.2839,False,"[3.0, 3.0, 0.193, 0.541]"
n10_b2,b_H,rbf,0,0.0001,3.235,12.003,31.28,28.65,0.00839,0.2302,False,"[0.228, 0.55]"
n10_b2,b_H,rbf,1,0.0001,3.429,12.028,31.47,29.39,0.005645,0.2249,False,"[0.228, 0.55]"
n10_b2,b_H,rbf,2,0.0001,3.217,12.031,31.24,28.55,0.008589,0.228,False,"[0.228, 0.55]"
n10_b2,b_H,rbf,3,0.0001,3.283,12.014,31.33,28.84,0.00766,0.2281,False,"[0.228, 0.55]"
n10_b2,b_H,rbf,4,0.0001,3.333,12.0,31.39,29.05,0.007002,0.2285,False,"[0.228, 0.55]"
n10_b2,b_dH_R,rbf,0,0.0001,2.039,22.219,30.54,19.71,0.128323,0.5849,False,"[3.0, 1.322, 0.15]"
n10_b2,b_dH_R,rbf,1,0.0001,2.01,22.247,30.51,19.56,0.128634,0.5894,False,"[3.0, 1.322, 0.15]"
n10_b2,b_dH_R,rbf,2,0.0001,2.008,22.063,30.56,18.93,0.124192,0.5767,False,"[3.0, 1.322, 0.15]"
n10_b2,b_dH_R,rbf,3,0.0001,2.014,22.004,30.58,18.81,0.122863,0.572,False,"[3.0, 1.322, 0.15]"
n10_b2,b_dH_R,rbf,4,0.0001,2.006,22.002,30.58,18.73,0.122674,0.5726,False,"[3.0, 1.322, 0.15]"
n10_b2,Pltb_Pbend,rbf,0,0.0001,2.857,15.861,31.57,29.86,0.000531,0.1541,False,"[0.15, 0.469]"
n10_b2,Pltb_Pbend,rbf,1,0.0001,2.702,15.947,31.46,29.77,0.001045,0.1741,False,"[0.15, 0.469]"
n10_b2,Pltb_Pbend,rbf,2,0.0001,2.841,15.902,31.53,29.8,0.000727,0.1584,False,"[0.15, 0.469]"
n10_b2,Pltb_Pbend,rbf,3,0.0001,2.897,15.857,31.58,29.87,0.000473,0.1504,False,"[0.15, 0.469]"
n10_b2,Pltb_Pbend,rbf,4,0.0001,2.947,15.81,31.63,29.98,0.000265,0.1429,True,"[0.15, 0.469]"
n10_b2,b_Pltb_Pbend,rbf,0,0.0001,2.994,15.849,31.31,29.93,0.000336,0.1423,True,"[3.0, 0.15, 0.448]"
n10_b2,b_Pltb_Pbend,rbf,1,0.0001,2.968,15.815,31.34,29.98,0.000261,0.1417,True,"[3.0, 0.15, 0.448]"
n10_b2,b_Pltb_Pbend,rbf,2,0.0001,3.058,15.818,31.36,30.05,0.000199,0.135,True,"[3.0, 0.15, 0.448]"
n10_b2,b_Pltb_Pbend,rbf,3,0.0001,2.897,15.857,31.28,29.87,0.000473,0.1504,False,"[3.0, 0.15, 0.448]"
n10_b2,b_Pltb_Pbend,rbf,4,0.0001,2.947,15.81,31.34,29.98,0.000265,0.1429,True,"[3.0, 0.15, 0.448]"
n10_b2,b_dH_Pltb_Pbend,rbf,0,0.0001,2.035,12.111,32.54,22.61,0.015618,0.3017,False,"[3.0, 0.283, 0.313, 3.0]"
n10_b2,b_dH_Pltb_Pbend,rbf,1,0.0001,2.025,12.035,32.57,22.63,0.014923,0.3075,False,"[3.0, 0.283, 0.313, 3.0]"
n10_b2,b_dH_Pltb_Pbend,rbf,2,0.0001,2.156,12.034,32.51,23.28,0.016382,0.2952,False,"[3.0, 0.283, 0.313, 3.0]"
n10_b2,b_dH_Pltb_Pbend,rbf,3,0.0001,2.055,12.023,32.56,22.79,0.015257,0.3055,False,"[3.0, 0.283, 0.313, 3.0]"
n10_b2,b_dH_Pltb_Pbend,rbf,4,0.0001,2.027,12.137,32.54,22.55,0.015802,0.3008,False,"[3.0, 0.283, 0.313, 3.0]"
