param,kernel,ls_bounds,acquisition,kappa,noise,b_rec,H_rec,pred_strw,gt_strw,gt_sig,dist_to_strong,in_strong_zone,gt_above_30,length_scales
b_H,matern,adaptive,ei,,2.818553756278192e-05,4.869,15.014,34.09,31.46,0.0338,0.0704,True,True,"[np.float64(0.324), np.float64(0.993)]"
b_H,matern,adaptive,ei,,0.0001,4.882,15.104,34.03,31.3,0.0341,0.0724,True,True,"[np.float64(0.326), np.float64(0.99)]"
b_H,matern,adaptive,ei,,0.0003,4.873,15.015,33.85,31.45,0.034,0.0709,True,True,"[np.float64(0.333), np.float64(0.979)]"
b_H,matern,adaptive,ei,,0.001,3.752,16.31,32.44,30.75,0.0063,0.0099,True,True,"[np.float64(0.708), np.float64(0.837)]"
b_H,matern,adaptive,ei,,0.003,4.302,15.74,32.61,31.37,0.0063,0.0418,True,True,"[np.float64(1.032), np.float64(1.116)]"
b_H,matern,adaptive,ucb,1.0,2.818553756278192e-05,4.973,14.976,34.0,31.29,0.0378,0.0802,True,True,"[np.float64(0.324), np.float64(0.993)]"
b_H,matern,adaptive,ucb,1.0,0.0001,4.996,15.006,33.91,31.2,0.0388,0.0845,True,True,"[np.float64(0.326), np.float64(0.99)]"
b_H,matern,adaptive,ucb,1.0,0.0003,4.976,14.832,33.74,31.46,0.0361,0.0744,True,True,"[np.float64(0.333), np.float64(0.979)]"
b_H,matern,adaptive,ucb,1.0,0.001,3.757,16.239,32.44,30.74,0.0059,0.0082,True,True,"[np.float64(0.708), np.float64(0.837)]"
b_H,matern,adaptive,ucb,1.0,0.003,4.364,15.625,32.6,31.47,0.0091,0.0481,True,True,"[np.float64(1.032), np.float64(1.116)]"
b_H,matern,adaptive,ucb,2.0,2.818553756278192e-05,5.049,14.866,33.84,31.27,0.0402,0.0852,True,True,"[np.float64(0.324), np.float64(0.993)]"
b_H,matern,adaptive,ucb,2.0,0.0001,5.05,14.688,33.73,31.41,0.037,0.0804,True,True,"[np.float64(0.326), np.float64(0.99)]"
b_H,matern,adaptive,ucb,2.0,0.0003,5.009,14.576,33.61,31.54,0.0321,0.073,True,True,"[np.float64(0.333), np.float64(0.979)]"
b_H,matern,adaptive,ucb,2.0,0.001,3.851,16.172,32.44,30.87,0.0055,0.0095,True,True,"[np.float64(0.708), np.float64(0.837)]"
b_H,matern,adaptive,ucb,2.0,0.003,4.382,15.738,32.6,31.24,0.0066,0.0425,True,True,"[np.float64(1.032), np.float64(1.116)]"
b_H,matern,adaptive,ucb,3.0,2.818553756278192e-05,2.6,12.019,30.69,23.92,0.1094,0.2405,False,False,"[np.float64(0.324), np.float64(0.993)]"
b_H,matern,adaptive,ucb,3.0,0.0001,2.572,12.034,30.57,23.78,0.1089,0.2446,False,False,"[np.float64(0.326), np.float64(0.99)]"
b_H,matern,adaptive,ucb,3.0,0.0003,2.551,12.1,30.25,23.68,0.1075,0.2476,False,False,"[np.float64(0.333), np.float64(0.979)]"
b_H,matern,adaptive,ucb,3.0,0.001,3.756,16.27,32.44,30.74,0.0059,0.0082,True,True,"[np.float64(0.708), np.float64(0.837)]"
b_H,matern,adaptive,ucb,3.0,0.003,4.546,15.672,32.54,31.01,0.0087,0.0233,True,True,"[np.float64(1.032), np.float64(1.116)]"
b_H,matern,tight,ei,,2.818553756278192e-05,4.845,15.068,34.1,31.43,0.033,0.0713,True,True,"[np.float64(0.324), np.float64(0.993)]"
b_H,matern,tight,ei,,0.0001,4.923,15.041,34.0,31.31,0.0359,0.0779,True,True,"[np.float64(0.326), np.float64(0.99)]"
b_H,matern,tight,ei,,0.0003,4.891,15.045,33.85,31.37,0.0347,0.0746,True,True,"[np.float64(0.333), np.float64(0.979)]"
b_H,matern,tight,ei,,0.001,3.793,16.326,32.45,30.82,0.0061,0.0068,True,True,"[np.float64(0.708), np.float64(0.837)]"
b_H,matern,tight,ei,,0.003,4.308,15.762,32.61,31.32,0.0062,0.0398,True,True,"[np.float64(1.032), np.float64(1.116)]"
b_H,matern,tight,ucb,1.0,2.818553756278192e-05,4.919,14.809,34.03,31.6,0.0329,0.0662,True,True,"[np.float64(0.324), np.float64(0.993)]"
b_H,matern,tight,ucb,1.0,0.0001,4.975,14.944,33.93,31.33,0.0376,0.0789,True,True,"[np.float64(0.326), np.float64(0.99)]"
b_H,matern,tight,ucb,1.0,0.0003,4.973,14.95,33.77,31.33,0.0376,0.079,True,True,"[np.float64(0.333), np.float64(0.979)]"
b_H,matern,tight,ucb,1.0,0.001,3.808,16.288,32.45,30.82,0.0055,0.0029,True,True,"[np.float64(0.708), np.float64(0.837)]"
b_H,matern,tight,ucb,1.0,0.003,4.358,15.708,32.6,31.33,0.007,0.0455,True,True,"[np.float64(1.032), np.float64(1.116)]"
b_H,matern,tight,ucb,2.0,2.818553756278192e-05,5.015,14.604,33.83,31.52,0.0331,0.0741,True,True,"[np.float64(0.324), np.float64(0.993)]"
b_H,matern,tight,ucb,2.0,0.0001,5.023,14.724,33.8,31.45,0.0363,0.0775,True,True,"[np.float64(0.326), np.float64(0.99)]"
b_H,matern,tight,ucb,2.0,0.0003,5.058,15.03,33.64,31.04,0.0414,0.0885,True,True,"[np.float64(0.333), np.float64(0.979)]"
b_H,matern,tight,ucb,2.0,0.001,3.768,16.231,32.44,30.76,0.0058,0.0069,True,True,"[np.float64(0.708), np.float64(0.837)]"
b_H,matern,tight,ucb,2.0,0.003,4.431,15.746,32.59,31.13,0.0065,0.0356,True,True,"[np.float64(1.032), np.float64(1.116)]"
b_H,matern,tight,ucb,3.0,2.818553756278192e-05,2.591,12.061,30.72,23.87,0.1085,0.2419,False,False,"[np.float64(0.324), np.float64(0.993)]"
b_H,matern,tight,ucb,3.0,0.0001,2.607,12.018,30.57,23.95,0.1095,0.2396,False,False,"[np.float64(0.326), np.float64(0.99)]"
b_H,matern,tight,ucb,3.0,0.0003,2.671,12.012,30.2,24.24,0.1098,0.2305,False,False,"[np.float64(0.333), np.float64(0.979)]"
b_H,matern,tight,ucb,3.0,0.001,3.826,16.25,32.45,30.83,0.0051,0.0021,True,True,"[np.float64(0.708), np.float64(0.837)]"
b_H,matern,tight,ucb,3.0,0.003,4.516,15.629,32.55,31.14,0.01,0.0291,True,True,"[np.float64(1.032), np.float64(1.116)]"
b_H,matern,loose,ei,,2.818553756278192e-05,4.884,14.935,34.08,31.54,0.0337,0.0676,True,True,"[np.float64(0.324), np.float64(0.993)]"
b_H,matern,loose,ei,,0.0001,4.857,14.991,34.03,31.52,0.0333,0.0678,True,True,"[np.float64(0.326), np.float64(0.99)]"
b_H,matern,loose,ei,,0.0003,4.869,15.022,33.85,31.45,0.0339,0.0709,True,True,"[np.float64(0.333), np.float64(0.979)]"
b_H,matern,loose,ei,,0.001,3.799,16.157,32.44,30.82,0.0062,0.0094,True,True,"[np.float64(0.708), np.float64(0.837)]"
b_H,matern,loose,ei,,0.003,4.329,15.691,32.6,31.41,0.0071,0.0465,True,True,"[np.float64(1.032), np.float64(1.116)]"
b_H,matern,loose,ucb,1.0,2.818553756278192e-05,4.939,14.934,34.04,31.42,0.036,0.0741,True,True,"[np.float64(0.324), np.float64(0.993)]"
b_H,matern,loose,ucb,1.0,0.0001,4.988,14.818,33.89,31.45,0.0364,0.0755,True,True,"[np.float64(0.326), np.float64(0.99)]"
b_H,matern,loose,ucb,1.0,0.0003,4.993,14.844,33.72,31.41,0.0371,0.077,True,True,"[np.float64(0.333), np.float64(0.979)]"
b_H,matern,loose,ucb,1.0,0.001,3.81,16.203,32.44,30.82,0.0055,0.005,True,True,"[np.float64(0.708), np.float64(0.837)]"
b_H,matern,loose,ucb,1.0,0.003,4.412,15.722,32.59,31.21,0.0069,0.0388,True,True,"[np.float64(1.032), np.float64(1.116)]"
b_H,matern,loose,ucb,2.0,2.818553756278192e-05,5.057,14.551,33.71,31.44,0.0345,0.0797,True,True,"[np.float64(0.324), np.float64(0.993)]"
b_H,matern,loose,ucb,2.0,0.0001,5.042,14.854,33.8,31.3,0.0397,0.0838,True,True,"[np.float64(0.326), np.float64(0.99)]"
b_H,matern,loose,ucb,2.0,0.0003,5.05,15.01,33.66,31.08,0.0411,0.0903,True,True,"[np.float64(0.333), np.float64(0.979)]"
b_H,matern,loose,ucb,2.0,0.001,3.8,16.229,32.45,30.8,0.0054,0.0033,True,True,"[np.float64(0.708), np.float64(0.837)]"
b_H,matern,loose,ucb,2.0,0.003,4.368,15.835,32.6,31.12,0.006,0.0346,True,True,"[np.float64(1.032), np.float64(1.116)]"
b_H,matern,loose,ucb,3.0,2.818553756278192e-05,2.431,12.113,30.59,23.17,0.1052,0.2647,False,False,"[np.float64(0.324), np.float64(0.993)]"
b_H,matern,loose,ucb,3.0,0.0001,2.567,12.004,30.54,23.77,0.1095,0.2453,False,False,"[np.float64(0.326), np.float64(0.99)]"
b_H,matern,loose,ucb,3.0,0.0003,2.449,12.032,30.02,23.25,0.107,0.2621,False,False,"[np.float64(0.333), np.float64(0.979)]"
b_H,matern,loose,ucb,3.0,0.001,3.843,16.246,32.45,30.85,0.005,0.0044,True,True,"[np.float64(0.708), np.float64(0.837)]"
b_H,matern,loose,ucb,3.0,0.003,4.438,15.691,32.59,31.2,0.0076,0.036,True,True,"[np.float64(1.032), np.float64(1.116)]"
b_H,rbf,adaptive,ei,,2.818553756278192e-05,4.98,15.138,35.01,31.03,0.0372,0.0767,True,True,"[np.float64(0.176), np.float64(0.661)]"
b_H,rbf,adaptive,ei,,0.0001,4.991,15.026,34.97,31.18,0.0386,0.0849,True,True,"[np.float64(0.177), np.float64(0.661)]"
b_H,rbf,adaptive,ei,,0.0003,4.929,14.723,34.86,31.64,0.0311,0.0645,True,True,"[np.float64(0.177), np.float64(0.66)]"
b_H,rbf,adaptive,ei,,0.001,4.256,15.918,32.71,31.17,0.0063,0.0264,True,True,"[np.float64(0.533), np.float64(0.568)]"
b_H,rbf,adaptive,ei,,0.003,4.477,15.748,33.01,31.04,0.0065,0.0291,True,True,"[np.float64(0.578), np.float64(0.598)]"
b_H,rbf,adaptive,ucb,1.0,2.818553756278192e-05,5.048,15.024,34.94,31.07,0.041,0.089,True,True,"[np.float64(0.176), np.float64(0.661)]"
b_H,rbf,adaptive,ucb,1.0,0.0001,5.052,15.092,34.9,30.96,0.0407,0.0829,True,True,"[np.float64(0.177), np.float64(0.661)]"
b_H,rbf,adaptive,ucb,1.0,0.0003,5.042,14.954,34.8,31.18,0.0406,0.0877,True,True,"[np.float64(0.177), np.float64(0.66)]"
b_H,rbf,adaptive,ucb,1.0,0.001,4.211,15.844,32.71,31.32,0.0061,0.0329,True,True,"[np.float64(0.533), np.float64(0.568)]"
b_H,rbf,adaptive,ucb,1.0,0.003,4.479,15.735,33.01,31.06,0.0067,0.0292,True,True,"[np.float64(0.578), np.float64(0.598)]"
b_H,rbf,adaptive,ucb,2.0,2.818553756278192e-05,2.469,12.019,32.01,23.33,0.1077,0.2593,False,False,"[np.float64(0.176), np.float64(0.661)]"
b_H,rbf,adaptive,ucb,2.0,0.0001,2.56,12.003,31.86,23.74,0.1095,0.2464,False,False,"[np.float64(0.177), np.float64(0.661)]"
b_H,rbf,adaptive,ucb,2.0,0.0003,2.458,12.019,31.82,23.29,0.1075,0.2609,False,False,"[np.float64(0.177), np.float64(0.66)]"
b_H,rbf,adaptive,ucb,2.0,0.001,4.311,16.018,32.7,31.04,0.006,0.0167,True,True,"[np.float64(0.533), np.float64(0.568)]"
b_H,rbf,adaptive,ucb,2.0,0.003,4.552,15.765,33.0,30.89,0.0062,0.0184,True,True,"[np.float64(0.578), np.float64(0.598)]"
b_H,rbf,adaptive,ucb,3.0,2.818553756278192e-05,2.403,12.051,32.0,23.05,0.1055,0.2688,False,False,"[np.float64(0.176), np.float64(0.661)]"
b_H,rbf,adaptive,ucb,3.0,0.0001,2.317,12.088,31.8,22.69,0.1022,0.281,False,False,"[np.float64(0.177), np.float64(0.661)]"
b_H,rbf,adaptive,ucb,3.0,0.0003,2.408,12.025,31.79,23.07,0.1062,0.268,False,False,"[np.float64(0.177), np.float64(0.66)]"
b_H,rbf,adaptive,ucb,3.0,0.001,4.311,15.863,32.7,31.17,0.0061,0.0307,True,True,"[np.float64(0.533), np.float64(0.568)]"
b_H,rbf,adaptive,ucb,3.0,0.003,4.598,15.763,32.99,30.81,0.0062,0.0125,True,True,"[np.float64(0.578), np.float64(0.598)]"
b_H,rbf,tight,ei,,2.818553756278192e-05,4.894,15.142,35.01,31.2,0.0341,0.0701,True,True,"[np.float64(0.176), np.float64(0.661)]"
b_H,rbf,tight,ei,,0.0001,4.952,15.024,34.99,31.27,0.037,0.0803,True,True,"[np.float64(0.177), np.float64(0.661)]"
b_H,rbf,tight,ei,,0.0003,4.979,14.975,34.87,31.28,0.038,0.081,True,True,"[np.float64(0.177), np.float64(0.66)]"
b_H,rbf,tight,ei,,0.001,4.241,15.929,32.71,31.17,0.0064,0.0261,True,True,"[np.float64(0.533), np.float64(0.568)]"
b_H,rbf,tight,ei,,0.003,4.501,15.687,33.01,31.08,0.008,0.0279,True,True,"[np.float64(0.578), np.float64(0.598)]"
b_H,rbf,tight,ucb,1.0,2.818553756278192e-05,5.028,15.123,34.97,30.96,0.0393,0.0798,True,True,"[np.float64(0.176), np.float64(0.661)]"
b_H,rbf,tight,ucb,1.0,0.0001,4.996,14.841,34.95,31.41,0.0372,0.0773,True,True,"[np.float64(0.177), np.float64(0.661)]"
b_H,rbf,tight,ucb,1.0,0.0003,5.07,14.99,34.77,31.07,0.042,0.0924,True,True,"[np.float64(0.177), np.float64(0.66)]"
b_H,rbf,tight,ucb,1.0,0.001,4.308,15.988,32.7,31.06,0.0061,0.0193,True,True,"[np.float64(0.533), np.float64(0.568)]"
b_H,rbf,tight,ucb,1.0,0.003,4.533,15.755,33.0,30.93,0.0064,0.0213,True,True,"[np.float64(0.578), np.float64(0.598)]"
b_H,rbf,tight,ucb,2.0,2.818553756278192e-05,2.445,12.013,32.0,23.23,0.1074,0.2627,False,False,"[np.float64(0.176), np.float64(0.661)]"
b_H,rbf,tight,ucb,2.0,0.0001,2.417,12.06,31.96,23.1,0.1057,0.2668,False,False,"[np.float64(0.177), np.float64(0.661)]"
b_H,rbf,tight,ucb,2.0,0.0003,2.441,12.037,31.82,23.21,0.1067,0.2633,False,False,"[np.float64(0.177), np.float64(0.66)]"
b_H,rbf,tight,ucb,2.0,0.001,4.334,15.953,32.7,31.05,0.0062,0.023,True,True,"[np.float64(0.533), np.float64(0.568)]"
b_H,rbf,tight,ucb,2.0,0.003,4.58,15.83,32.99,30.79,0.0052,0.0134,True,True,"[np.float64(0.578), np.float64(0.598)]"
b_H,rbf,tight,ucb,3.0,2.818553756278192e-05,2.539,12.092,32.0,23.63,0.1075,0.2493,False,False,"[np.float64(0.176), np.float64(0.661)]"
b_H,rbf,tight,ucb,3.0,0.0001,2.481,12.049,31.97,23.38,0.1073,0.2576,False,False,"[np.float64(0.177), np.float64(0.661)]"
b_H,rbf,tight,ucb,3.0,0.0003,2.353,12.131,31.76,22.84,0.1029,0.2759,False,False,"[np.float64(0.177), np.float64(0.66)]"
b_H,rbf,tight,ucb,3.0,0.001,4.31,15.923,32.7,31.11,0.0062,0.0252,True,True,"[np.float64(0.533), np.float64(0.568)]"
b_H,rbf,tight,ucb,3.0,0.003,4.525,15.728,33.0,30.98,0.007,0.0232,True,True,"[np.float64(0.578), np.float64(0.598)]"
b_H,rbf,loose,ei,,2.818553756278192e-05,4.898,14.878,35.02,31.57,0.0334,0.0665,True,True,"[np.float64(0.176), np.float64(0.661)]"
b_H,rbf,loose,ei,,0.0001,4.998,15.026,34.96,31.17,0.0389,0.0858,True,True,"[np.float64(0.177), np.float64(0.661)]"
b_H,rbf,loose,ei,,0.0003,4.933,15.085,34.87,31.21,0.0361,0.0772,True,True,"[np.float64(0.177), np.float64(0.66)]"
b_H,rbf,loose,ei,,0.001,4.282,15.94,32.71,31.12,0.0063,0.0238,True,True,"[np.float64(0.533), np.float64(0.568)]"
b_H,rbf,loose,ei,,0.003,4.585,15.723,33.0,30.87,0.0072,0.0161,True,True,"[np.float64(0.578), np.float64(0.598)]"
b_H,rbf,loose,ucb,1.0,2.818553756278192e-05,4.991,15.007,35.01,31.21,0.0386,0.0839,True,True,"[np.float64(0.176), np.float64(0.661)]"
b_H,rbf,loose,ucb,1.0,0.0001,5.017,14.9,34.93,31.3,0.0391,0.0823,True,True,"[np.float64(0.177), np.float64(0.661)]"
b_H,rbf,loose,ucb,1.0,0.0003,5.052,14.99,34.79,31.11,0.0412,0.0906,True,True,"[np.float64(0.177), np.float64(0.66)]"
b_H,rbf,loose,ucb,1.0,0.001,4.279,15.974,32.71,31.09,0.0062,0.0207,True,True,"[np.float64(0.533), np.float64(0.568)]"
b_H,rbf,loose,ucb,1.0,0.003,4.544,15.704,33.0,30.97,0.0076,0.0218,True,True,"[np.float64(0.578), np.float64(0.598)]"
b_H,rbf,loose,ucb,2.0,2.818553756278192e-05,2.402,12.141,32.05,23.04,0.1042,0.269,False,False,"[np.float64(0.176), np.float64(0.661)]"
b_H,rbf,loose,ucb,2.0,0.0001,2.481,12.053,31.97,23.38,0.1072,0.2576,False,False,"[np.float64(0.177), np.float64(0.661)]"
b_H,rbf,loose,ucb,2.0,0.0003,2.483,12.002,31.81,23.4,0.1084,0.2574,False,False,"[np.float64(0.177), np.float64(0.66)]"
b_H,rbf,loose,ucb,2.0,0.001,4.263,15.961,32.71,31.12,0.0063,0.0224,True,True,"[np.float64(0.533), np.float64(0.568)]"
b_H,rbf,loose,ucb,2.0,0.003,4.595,15.655,32.99,30.94,0.0096,0.0196,True,True,"[np.float64(0.578), np.float64(0.598)]"
b_H,rbf,loose,ucb,3.0,2.818553756278192e-05,2.422,12.074,32.03,23.13,0.1055,0.266,False,False,"[np.float64(0.176), np.float64(0.661)]"
b_H,rbf,loose,ucb,3.0,0.0001,2.452,12.052,31.97,23.26,0.1066,0.2617,False,False,"[np.float64(0.177), np.float64(0.661)]"
b_H,rbf,loose,ucb,3.0,0.0003,2.324,12.007,31.62,22.73,0.1041,0.28,False,False,"[np.float64(0.177), np.float64(0.66)]"
b_H,rbf,loose,ucb,3.0,0.001,4.373,15.896,32.69,31.05,0.0061,0.0295,True,True,"[np.float64(0.533), np.float64(0.568)]"
b_H,rbf,loose,ucb,3.0,0.003,4.643,15.757,32.98,30.74,0.0065,0.008,True,True,"[np.float64(0.578), np.float64(0.598)]"
b_dH_R,matern,adaptive,ei,,2.818553756278192e-05,4.878,14.663,34.26,31.76,0.0267,0.056,True,True,"[np.float64(0.302), np.float64(1.149), np.float64(3.0)]"
b_dH_R,matern,adaptive,ei,,0.0001,4.843,14.784,34.24,31.77,0.0286,0.0554,True,True,"[np.float64(0.303), np.float64(1.148), np.float64(3.0)]"
b_dH_R,matern,adaptive,ei,,0.0003,4.836,14.883,34.12,31.69,0.0309,0.0594,True,True,"[np.float64(0.304), np.float64(1.147), np.float64(3.0)]"
b_dH_R,matern,adaptive,ei,,0.001,4.887,14.767,33.68,31.69,0.0302,0.0604,True,True,"[np.float64(0.311), np.float64(1.147), np.float64(3.0)]"
b_dH_R,matern,adaptive,ei,,0.003,4.186,15.558,32.88,31.89,0.01,0.0295,True,True,"[np.float64(0.892), np.float64(1.567), np.float64(0.293)]"
b_dH_R,matern,adaptive,ucb,1.0,2.818553756278192e-05,4.925,14.516,34.18,31.69,0.0262,0.0608,True,True,"[np.float64(0.302), np.float64(1.149), np.float64(3.0)]"
b_dH_R,matern,adaptive,ucb,1.0,0.0001,4.953,14.282,34.02,31.53,0.0297,0.0677,True,True,"[np.float64(0.303), np.float64(1.148), np.float64(3.0)]"
b_dH_R,matern,adaptive,ucb,1.0,0.0003,4.951,14.301,33.92,31.55,0.0291,0.0669,True,True,"[np.float64(0.304), np.float64(1.147), np.float64(3.0)]"
b_dH_R,matern,adaptive,ucb,1.0,0.001,4.959,14.496,33.57,31.62,0.028,0.0656,True,True,"[np.float64(0.311), np.float64(1.147), np.float64(3.0)]"
b_dH_R,matern,adaptive,ucb,1.0,0.003,4.279,15.447,32.86,31.95,0.0152,0.046,True,True,"[np.float64(0.892), np.float64(1.567), np.float64(0.293)]"
b_dH_R,matern,adaptive,ucb,2.0,2.818553756278192e-05,2.642,12.145,32.24,24.09,0.1076,0.2347,False,False,"[np.float64(0.302), np.float64(1.149), np.float64(3.0)]"
b_dH_R,matern,adaptive,ucb,2.0,0.0001,2.537,12.01,32.12,23.63,0.109,0.2496,False,False,"[np.float64(0.303), np.float64(1.148), np.float64(3.0)]"
b_dH_R,matern,adaptive,ucb,2.0,0.0003,2.553,12.048,32.06,23.7,0.1084,0.2474,False,False,"[np.float64(0.304), np.float64(1.147), np.float64(3.0)]"
b_dH_R,matern,adaptive,ucb,2.0,0.001,2.553,12.134,31.81,23.69,0.1071,0.2474,False,False,"[np.float64(0.311), np.float64(1.147), np.float64(3.0)]"
b_dH_R,matern,adaptive,ucb,2.0,0.003,4.349,15.405,32.84,31.9,0.0174,0.0567,True,True,"[np.float64(0.892), np.float64(1.567), np.float64(0.293)]"
b_dH_R,matern,adaptive,ucb,3.0,2.818553756278192e-05,2.424,12.026,31.92,23.14,0.1065,0.2658,False,False,"[np.float64(0.302), np.float64(1.149), np.float64(3.0)]"
b_dH_R,matern,adaptive,ucb,3.0,0.0001,2.48,12.007,32.02,23.38,0.1082,0.2577,False,False,"[np.float64(0.303), np.float64(1.148), np.float64(3.0)]"
b_dH_R,matern,adaptive,ucb,3.0,0.0003,2.61,12.041,32.08,23.95,0.109,0.2392,False,False,"[np.float64(0.304), np.float64(1.147), np.float64(3.0)]"
b_dH_R,matern,adaptive,ucb,3.0,0.001,2.465,12.08,31.59,23.31,0.1064,0.2598,False,False,"[np.float64(0.311), np.float64(1.147), np.float64(3.0)]"
b_dH_R,matern,adaptive,ucb,3.0,0.003,4.489,15.342,32.76,31.73,0.0209,0.0517,True,True,"[np.float64(0.892), np.float64(1.567), np.float64(0.293)]"
b_dH_R,matern,tight,ei,,2.818553756278192e-05,4.878,15.034,34.28,31.41,0.0342,0.0727,True,True,"[np.float64(0.302), np.float64(1.148), np.float64(2.0)]"
b_dH_R,matern,tight,ei,,0.0001,4.905,14.959,34.22,31.46,0.0348,0.0713,True,True,"[np.float64(0.302), np.float64(1.148), np.float64(2.0)]"
b_dH_R,matern,tight,ei,,0.0003,4.87,14.784,34.11,31.71,0.0299,0.0589,True,True,"[np.float64(0.304), np.float64(1.147), np.float64(2.0)]"
b_dH_R,matern,tight,ei,,0.001,4.881,14.666,33.68,31.76,0.0269,0.0565,True,True,"[np.float64(0.311), np.float64(1.146), np.float64(2.0)]"
b_dH_R,matern,tight,ei,,0.003,4.216,15.493,32.88,31.97,0.0129,0.0361,True,True,"[np.float64(0.892), np.float64(1.567), np.float64(0.293)]"
b_dH_R,matern,tight,ucb,1.0,2.818553756278192e-05,4.962,14.549,34.14,31.62,0.0289,0.0662,True,True,"[np.float64(0.302), np.float64(1.148), np.float64(2.0)]"
b_dH_R,matern,tight,ucb,1.0,0.0001,5.004,14.653,34.04,31.52,0.0335,0.0733,True,True,"[np.float64(0.302), np.float64(1.148), np.float64(2.0)]"
b_dH_R,matern,tight,ucb,1.0,0.0003,4.99,14.502,33.91,31.57,0.0298,0.07,True,True,"[np.float64(0.304), np.float64(1.147), np.float64(2.0)]"
b_dH_R,matern,tight,ucb,1.0,0.001,4.965,14.166,33.47,31.41,0.0342,0.0731,True,True,"[np.float64(0.311), np.float64(1.146), np.float64(2.0)]"
b_dH_R,matern,tight,ucb,1.0,0.003,4.229,15.565,32.88,31.82,0.0101,0.0349,True,True,"[np.float64(0.892), np.float64(1.567), np.float64(0.293)]"
b_dH_R,matern,tight,ucb,2.0,2.818553756278192e-05,2.511,12.041,32.1,23.51,0.1079,0.2533,False,False,"[np.float64(0.302), np.float64(1.148), np.float64(2.0)]"
b_dH_R,matern,tight,ucb,2.0,0.0001,2.547,12.014,32.09,23.68,0.109,0.2482,False,False,"[np.float64(0.302), np.float64(1.148), np.float64(2.0)]"
b_dH_R,matern,tight,ucb,2.0,0.0003,2.584,12.087,32.06,23.83,0.108,0.2428,False,False,"[np.float64(0.304), np.float64(1.147), np.float64(2.0)]"
b_dH_R,matern,tight,ucb,2.0,0.001,2.535,12.049,31.69,23.62,0.1081,0.2498,False,False,"[np.float64(0.311), np.float64(1.146), np.float64(2.0)]"
b_dH_R,matern,tight,ucb,2.0,0.003,4.368,15.413,32.83,31.85,0.0172,0.0579,True,True,"[np.float64(0.892), np.float64(1.567), np.float64(0.293)]"
b_dH_R,matern,tight,ucb,3.0,2.818553756278192e-05,2.616,12.009,32.15,23.99,0.1097,0.2384,False,False,"[np.float64(0.302), np.float64(1.148), np.float64(2.0)]"
b_dH_R,matern,tight,ucb,3.0,0.0001,2.504,12.033,32.04,23.48,0.108,0.2544,False,False,"[np.float64(0.302), np.float64(1.148), np.float64(2.0)]"
b_dH_R,matern,tight,ucb,3.0,0.0003,2.63,12.019,32.03,24.05,0.1096,0.2363,False,False,"[np.float64(0.304), np.float64(1.147), np.float64(2.0)]"
b_dH_R,matern,tight,ucb,3.0,0.001,2.593,12.029,31.76,23.88,0.1091,0.2416,False,False,"[np.float64(0.311), np.float64(1.146), np.float64(2.0)]"
b_dH_R,matern,tight,ucb,3.0,0.003,4.478,15.404,32.77,31.64,0.0186,0.0479,True,True,"[np.float64(0.892), np.float64(1.567), np.float64(0.293)]"
b_dH_R,matern,loose,ei,,2.818553756278192e-05,4.857,15.029,34.29,31.47,0.0335,0.0701,True,True,"[np.float64(0.302), np.float64(1.149), np.float64(10.0)]"
b_dH_R,matern,loose,ei,,0.0001,4.823,14.851,34.24,31.75,0.0296,0.056,True,True,"[np.float64(0.303), np.float64(1.149), np.float64(10.0)]"
b_dH_R,matern,loose,ei,,0.0003,4.829,14.873,34.11,31.72,0.0303,0.0579,True,True,"[np.float64(0.304), np.float64(1.148), np.float64(10.0)]"
b_dH_R,matern,loose,ei,,0.001,4.887,14.577,33.66,31.76,0.025,0.0557,True,True,"[np.float64(0.311), np.float64(1.147), np.float64(10.0)]"
b_dH_R,matern,loose,ei,,0.003,4.147,15.516,32.88,32.01,0.0115,0.0269,True,True,"[np.float64(0.892), np.float64(1.567), np.float64(0.293)]"
b_dH_R,matern,loose,ucb,1.0,2.818553756278192e-05,5.004,14.478,34.03,31.54,0.0304,0.072,True,True,"[np.float64(0.302), np.float64(1.149), np.float64(10.0)]"
b_dH_R,matern,loose,ucb,1.0,0.0001,4.954,14.536,34.1,31.64,0.0282,0.0649,True,True,"[np.float64(0.303), np.float64(1.149), np.float64(10.0)]"
b_dH_R,matern,loose,ucb,1.0,0.0003,4.993,14.699,33.94,31.53,0.034,0.0727,True,True,"[np.float64(0.304), np.float64(1.148), np.float64(10.0)]"
b_dH_R,matern,loose,ucb,1.0,0.001,4.944,14.242,33.53,31.51,0.0307,0.0676,True,True,"[np.float64(0.311), np.float64(1.147), np.float64(10.0)]"
b_dH_R,matern,loose,ucb,1.0,0.003,4.208,15.533,32.88,31.91,0.0111,0.0333,True,True,"[np.float64(0.892), np.float64(1.567), np.float64(0.293)]"
b_dH_R,matern,loose,ucb,2.0,2.818553756278192e-05,2.483,12.103,32.14,23.38,0.1064,0.2574,False,False,"[np.float64(0.302), np.float64(1.149), np.float64(10.0)]"
b_dH_R,matern,loose,ucb,2.0,0.0001,2.564,12.004,32.17,23.75,0.1095,0.2458,False,False,"[np.float64(0.303), np.float64(1.149), np.float64(10.0)]"
b_dH_R,matern,loose,ucb,2.0,0.0003,2.664,12.054,32.09,24.2,0.1089,0.2315,False,False,"[np.float64(0.304), np.float64(1.148), np.float64(10.0)]"
b_dH_R,matern,loose,ucb,2.0,0.001,2.625,12.036,31.85,24.02,0.1092,0.237,False,False,"[np.float64(0.311), np.float64(1.147), np.float64(10.0)]"
b_dH_R,matern,loose,ucb,2.0,0.003,4.319,15.47,32.85,31.84,0.0146,0.0501,True,True,"[np.float64(0.892), np.float64(1.567), np.float64(0.293)]"
b_dH_R,matern,loose,ucb,3.0,2.818553756278192e-05,2.529,12.229,32.28,23.59,0.1063,0.2512,False,False,"[np.float64(0.302), np.float64(1.149), np.float64(10.0)]"
b_dH_R,matern,loose,ucb,3.0,0.0001,2.463,12.187,32.1,23.31,0.1053,0.2603,False,False,"[np.float64(0.303), np.float64(1.149), np.float64(10.0)]"
b_dH_R,matern,loose,ucb,3.0,0.0003,2.544,12.043,32.07,23.66,0.1084,0.2486,False,False,"[np.float64(0.304), np.float64(1.148), np.float64(10.0)]"
b_dH_R,matern,loose,ucb,3.0,0.001,2.744,12.023,31.79,24.57,0.1092,0.2201,False,False,"[np.float64(0.311), np.float64(1.147), np.float64(10.0)]"
b_dH_R,matern,loose,ucb,3.0,0.003,4.418,15.401,32.81,31.77,0.0181,0.0535,True,True,"[np.float64(0.892), np.float64(1.567), np.float64(0.293)]"
b_dH_R,rbf,adaptive,ei,,2.818553756278192e-05,4.905,14.673,35.08,31.71,0.0285,0.06,True,True,"[np.float64(0.172), np.float64(0.736), np.float64(3.0)]"
b_dH_R,rbf,adaptive,ei,,0.0001,4.908,14.655,35.04,31.71,0.0281,0.0599,True,True,"[np.float64(0.172), np.float64(0.736), np.float64(3.0)]"
b_dH_R,rbf,adaptive,ei,,0.0003,4.901,14.778,34.94,31.66,0.0312,0.0626,True,True,"[np.float64(0.172), np.float64(0.735), np.float64(3.0)]"
b_dH_R,rbf,adaptive,ei,,0.001,4.946,14.383,34.58,31.61,0.0273,0.0646,True,True,"[np.float64(0.171), np.float64(0.738), np.float64(3.0)]"
b_dH_R,rbf,adaptive,ei,,0.003,4.226,15.308,33.43,32.24,0.0205,0.0481,True,True,"[np.float64(0.54), np.float64(0.855), np.float64(0.198)]"
b_dH_R,rbf,adaptive,ucb,1.0,2.818553756278192e-05,5.018,14.803,35.0,31.4,0.0377,0.079,True,True,"[np.float64(0.172), np.float64(0.736), np.float64(3.0)]"
b_dH_R,rbf,adaptive,ucb,1.0,0.0001,4.985,14.556,34.97,31.58,0.0304,0.0695,True,True,"[np.float64(0.172), np.float64(0.736), np.float64(3.0)]"
b_dH_R,rbf,adaptive,ucb,1.0,0.0003,5.003,14.606,34.86,31.54,0.0324,0.0725,True,True,"[np.float64(0.172), np.float64(0.735), np.float64(3.0)]"
b_dH_R,rbf,adaptive,ucb,1.0,0.001,2.426,12.037,32.69,23.14,0.1064,0.2655,False,False,"[np.float64(0.171), np.float64(0.738), np.float64(3.0)]"
b_dH_R,rbf,adaptive,ucb,1.0,0.003,4.257,15.411,33.43,32.05,0.0166,0.0451,True,True,"[np.float64(0.54), np.float64(0.855), np.float64(0.198)]"
b_dH_R,rbf,adaptive,ucb,2.0,2.818553756278192e-05,2.296,12.035,32.38,22.61,0.1024,0.284,False,False,"[np.float64(0.172), np.float64(0.736), np.float64(3.0)]"
b_dH_R,rbf,adaptive,ucb,2.0,0.0001,2.339,12.155,32.56,22.78,0.1022,0.278,False,False,"[np.float64(0.172), np.float64(0.736), np.float64(3.0)]"
b_dH_R,rbf,adaptive,ucb,2.0,0.0003,2.502,12.046,32.73,23.47,0.1077,0.2546,False,False,"[np.float64(0.172), np.float64(0.735), np.float64(3.0)]"
b_dH_R,rbf,adaptive,ucb,2.0,0.001,2.526,12.071,32.77,23.58,0.1076,0.2511,False,False,"[np.float64(0.171), np.float64(0.738), np.float64(3.0)]"
b_dH_R,rbf,adaptive,ucb,2.0,0.003,4.314,15.451,33.42,31.89,0.0153,0.0502,True,True,"[np.float64(0.54), np.float64(0.855), np.float64(0.198)]"
b_dH_R,rbf,adaptive,ucb,3.0,2.818553756278192e-05,2.372,12.062,32.64,22.92,0.1044,0.2731,False,False,"[np.float64(0.172), np.float64(0.736), np.float64(3.0)]"
b_dH_R,rbf,adaptive,ucb,3.0,0.0001,2.389,12.058,32.66,22.99,0.105,0.2707,False,False,"[np.float64(0.172), np.float64(0.736), np.float64(3.0)]"
b_dH_R,rbf,adaptive,ucb,3.0,0.0003,2.331,12.053,32.45,22.75,0.1033,0.279,False,False,"[np.float64(0.172), np.float64(0.735), np.float64(3.0)]"
b_dH_R,rbf,adaptive,ucb,3.0,0.001,2.515,12.041,32.76,23.53,0.108,0.2527,False,False,"[np.float64(0.171), np.float64(0.738), np.float64(3.0)]"
b_dH_R,rbf,adaptive,ucb,3.0,0.003,4.356,15.3,33.41,32.06,0.0212,0.0625,True,True,"[np.float64(0.54), np.float64(0.855), np.float64(0.198)]"
b_dH_R,rbf,tight,ei,,2.818553756278192e-05,4.927,14.772,35.08,31.61,0.0323,0.0658,True,True,"[np.float64(0.172), np.float64(0.736), np.float64(2.0)]"
b_dH_R,rbf,tight,ei,,0.0001,4.909,14.875,35.04,31.55,0.0338,0.0677,True,True,"[np.float64(0.172), np.float64(0.736), np.float64(2.0)]"
b_dH_R,rbf,tight,ei,,0.0003,4.887,14.72,34.94,31.72,0.0289,0.0588,True,True,"[np.float64(0.172), np.float64(0.735), np.float64(2.0)]"
b_dH_R,rbf,tight,ei,,0.001,4.911,14.791,34.6,31.63,0.032,0.0643,True,True,"[np.float64(0.171), np.float64(0.738), np.float64(2.0)]"
b_dH_R,rbf,tight,ei,,0.003,4.215,15.322,33.43,32.24,0.0199,0.046,True,True,"[np.float64(0.54), np.float64(0.855), np.float64(0.198)]"
b_dH_R,rbf,tight,ucb,1.0,2.818553756278192e-05,4.996,14.651,35.01,31.54,0.0331,0.0721,True,True,"[np.float64(0.172), np.float64(0.736), np.float64(2.0)]"
b_dH_R,rbf,tight,ucb,1.0,0.0001,5.019,14.823,34.96,31.38,0.0381,0.0798,True,True,"[np.float64(0.172), np.float64(0.736), np.float64(2.0)]"
b_dH_R,rbf,tight,ucb,1.0,0.0003,5.066,14.79,34.78,31.31,0.0399,0.0851,True,True,"[np.float64(0.172), np.float64(0.735), np.float64(2.0)]"
b_dH_R,rbf,tight,ucb,1.0,0.001,2.517,12.144,32.78,23.53,0.1065,0.2526,False,False,"[np.float64(0.171), np.float64(0.738), np.float64(2.0)]"
b_dH_R,rbf,tight,ucb,1.0,0.003,4.31,15.39,33.42,32.0,0.0177,0.0525,True,True,"[np.float64(0.54), np.float64(0.855), np.float64(0.198)]"
b_dH_R,rbf,tight,ucb,2.0,2.818553756278192e-05,2.427,12.024,32.72,23.15,0.1067,0.2652,False,False,"[np.float64(0.172), np.float64(0.736), np.float64(2.0)]"
b_dH_R,rbf,tight,ucb,2.0,0.0001,2.327,12.148,32.5,22.73,0.1019,0.2797,False,False,"[np.float64(0.172), np.float64(0.736), np.float64(2.0)]"
b_dH_R,rbf,tight,ucb,2.0,0.0003,2.485,12.018,32.7,23.4,0.108,0.257,False,False,"[np.float64(0.172), np.float64(0.735), np.float64(2.0)]"
b_dH_R,rbf,tight,ucb,2.0,0.001,2.591,12.051,32.68,23.87,0.1087,0.2418,False,False,"[np.float64(0.171), np.float64(0.738), np.float64(2.0)]"
b_dH_R,rbf,tight,ucb,2.0,0.003,4.356,15.565,33.4,31.6,0.0111,0.0515,True,True,"[np.float64(0.54), np.float64(0.855), np.float64(0.198)]"
b_dH_R,rbf,tight,ucb,3.0,2.818553756278192e-05,2.436,12.018,32.72,23.19,0.107,0.2641,False,False,"[np.float64(0.172), np.float64(0.736), np.float64(2.0)]"
b_dH_R,rbf,tight,ucb,3.0,0.0001,2.31,12.048,32.4,22.66,0.1027,0.282,False,False,"[np.float64(0.172), np.float64(0.736), np.float64(2.0)]"
b_dH_R,rbf,tight,ucb,3.0,0.0003,2.287,12.001,32.24,22.57,0.103,0.2854,False,False,"[np.float64(0.172), np.float64(0.735), np.float64(2.0)]"
b_dH_R,rbf,tight,ucb,3.0,0.001,2.372,12.022,32.54,22.92,0.1052,0.2732,False,False,"[np.float64(0.171), np.float64(0.738), np.float64(2.0)]"
b_dH_R,rbf,tight,ucb,3.0,0.003,4.344,15.393,33.42,31.93,0.0179,0.0566,True,True,"[np.float64(0.54), np.float64(0.855), np.float64(0.198)]"
b_dH_R,rbf,loose,ei,,2.818553756278192e-05,4.927,14.858,35.08,31.53,0.0343,0.0692,True,True,"[np.float64(0.172), np.float64(0.736), np.float64(10.0)]"
b_dH_R,rbf,loose,ei,,0.0001,4.931,14.88,35.04,31.5,0.0349,0.0706,True,True,"[np.float64(0.172), np.float64(0.736), np.float64(10.0)]"
b_dH_R,rbf,loose,ei,,0.0003,4.898,14.87,34.93,31.58,0.0332,0.0661,True,True,"[np.float64(0.172), np.float64(0.735), np.float64(10.0)]"
b_dH_R,rbf,loose,ei,,0.001,4.936,14.593,34.6,31.67,0.0282,0.0629,True,True,"[np.float64(0.171), np.float64(0.738), np.float64(10.0)]"
b_dH_R,rbf,loose,ei,,0.003,4.209,15.474,33.42,32.01,0.0137,0.0363,True,True,"[np.float64(0.54), np.float64(0.855), np.float64(0.198)]"
b_dH_R,rbf,loose,ucb,1.0,2.818553756278192e-05,5.005,14.763,35.01,31.46,0.0362,0.076,True,True,"[np.float64(0.172), np.float64(0.736), np.float64(10.0)]"
b_dH_R,rbf,loose,ucb,1.0,0.0001,5.024,14.773,34.95,31.41,0.0374,0.0789,True,True,"[np.float64(0.172), np.float64(0.736), np.float64(10.0)]"
b_dH_R,rbf,loose,ucb,1.0,0.0003,5.007,14.734,34.87,31.47,0.0356,0.0755,True,True,"[np.float64(0.172), np.float64(0.735), np.float64(10.0)]"
b_dH_R,rbf,loose,ucb,1.0,0.001,2.48,12.036,32.76,23.38,0.1075,0.2577,False,False,"[np.float64(0.171), np.float64(0.738), np.float64(10.0)]"
b_dH_R,rbf,loose,ucb,1.0,0.003,4.246,15.419,33.43,32.05,0.0162,0.0435,True,True,"[np.float64(0.54), np.float64(0.855), np.float64(0.198)]"
b_dH_R,rbf,loose,ucb,2.0,2.818553756278192e-05,2.477,12.167,32.83,23.36,0.1057,0.2583,False,False,"[np.float64(0.172), np.float64(0.736), np.float64(10.0)]"
b_dH_R,rbf,loose,ucb,2.0,0.0001,2.315,12.032,32.44,22.68,0.1032,0.2814,False,False,"[np.float64(0.172), np.float64(0.736), np.float64(10.0)]"
b_dH_R,rbf,loose,ucb,2.0,0.0003,2.292,12.063,32.32,22.59,0.1017,0.2845,False,False,"[np.float64(0.172), np.float64(0.735), np.float64(10.0)]"
b_dH_R,rbf,loose,ucb,2.0,0.001,2.503,12.096,32.79,23.48,0.1069,0.2544,False,False,"[np.float64(0.171), np.float64(0.738), np.float64(10.0)]"
b_dH_R,rbf,loose,ucb,2.0,0.003,4.357,15.445,33.41,31.82,0.0159,0.056,True,True,"[np.float64(0.54), np.float64(0.855), np.float64(0.198)]"
b_dH_R,rbf,loose,ucb,3.0,2.818553756278192e-05,2.387,12.061,32.69,22.98,0.1048,0.2711,False,False,"[np.float64(0.172), np.float64(0.736), np.float64(10.0)]"
b_dH_R,rbf,loose,ucb,3.0,0.0001,2.278,12.022,32.29,22.54,0.1021,0.2865,False,False,"[np.float64(0.172), np.float64(0.736), np.float64(10.0)]"
b_dH_R,rbf,loose,ucb,3.0,0.0003,2.475,12.026,32.73,23.36,0.1077,0.2585,False,False,"[np.float64(0.172), np.float64(0.735), np.float64(10.0)]"
b_dH_R,rbf,loose,ucb,3.0,0.001,2.434,12.162,32.75,23.18,0.1048,0.2645,False,False,"[np.float64(0.171), np.float64(0.738), np.float64(10.0)]"
b_dH_R,rbf,loose,ucb,3.0,0.003,4.355,15.523,33.4,31.68,0.0127,0.0532,True,True,"[np.float64(0.54), np.float64(0.855), np.float64(0.198)]"
dH_R,matern,adaptive,ei,,2.818553756278192e-05,7.974,16.361,32.83,30.17,0.1191,0.353,False,True,"[np.float64(0.15), np.float64(0.15)]"
dH_R,matern,adaptive,ei,,0.0001,7.737,16.414,33.14,30.31,0.1082,0.3188,False,True,"[np.float64(0.15), np.float64(0.15)]"
dH_R,matern,adaptive,ei,,0.0003,7.72,16.391,33.12,30.31,0.1066,0.3167,False,True,"[np.float64(0.15), np.float64(0.15)]"
dH_R,matern,adaptive,ei,,0.001,7.871,16.392,32.78,30.24,0.1144,0.338,False,True,"[np.float64(0.15), np.float64(0.15)]"
dH_R,matern,adaptive,ei,,0.003,5.232,16.758,32.35,31.88,0.0163,0.0504,True,True,"[np.float64(0.677), np.float64(0.15)]"
dH_R,matern,adaptive,ucb,1.0,2.818553756278192e-05,7.869,16.331,32.97,30.21,0.1117,0.3387,False,True,"[np.float64(0.15), np.float64(0.15)]"
dH_R,matern,adaptive,ucb,1.0,0.0001,7.921,16.436,32.89,30.23,0.1189,0.3443,False,True,"[np.float64(0.15), np.float64(0.15)]"
dH_R,matern,adaptive,ucb,1.0,0.0003,7.878,16.315,32.89,30.2,0.1114,0.3402,False,True,"[np.float64(0.15), np.float64(0.15)]"
dH_R,matern,adaptive,ucb,1.0,0.001,7.873,16.463,32.77,30.26,0.117,0.3372,False,True,"[np.float64(0.15), np.float64(0.15)]"
dH_R,matern,adaptive,ucb,1.0,0.003,5.308,16.391,32.19,31.31,0.0191,0.0565,True,True,"[np.float64(0.677), np.float64(0.15)]"
dH_R,matern,adaptive,ucb,2.0,2.818553756278192e-05,7.908,21.023,27.4,28.96,0.1509,0.4963,False,False,"[np.float64(0.15), np.float64(0.15)]"
dH_R,matern,adaptive,ucb,2.0,0.0001,7.938,21.256,27.14,28.87,0.1588,0.5149,False,False,"[np.float64(0.15), np.float64(0.15)]"
dH_R,matern,adaptive,ucb,2.0,0.0003,7.942,21.171,27.25,28.91,0.1573,0.5095,False,False,"[np.float64(0.15), np.float64(0.15)]"
dH_R,matern,adaptive,ucb,2.0,0.001,7.897,21.205,27.31,28.89,0.1562,0.5075,False,False,"[np.float64(0.15), np.float64(0.15)]"
dH_R,matern,adaptive,ucb,2.0,0.003,6.637,22.909,26.44,25.84,0.1401,0.5571,False,False,"[np.float64(0.677), np.float64(0.15)]"
dH_R,matern,adaptive,ucb,3.0,2.818553756278192e-05,7.938,21.177,27.21,28.9,0.1572,0.5095,False,False,"[np.float64(0.15), np.float64(0.15)]"
dH_R,matern,adaptive,ucb,3.0,0.0001,7.978,21.209,27.18,28.89,0.1596,0.5155,False,False,"[np.float64(0.15), np.float64(0.15)]"
dH_R,matern,adaptive,ucb,3.0,0.0003,7.995,21.275,27.15,28.86,0.1612,0.5216,False,False,"[np.float64(0.15), np.float64(0.15)]"
dH_R,matern,adaptive,ucb,3.0,0.001,7.964,21.191,27.31,28.9,0.1586,0.5129,False,False,"[np.float64(0.15), np.float64(0.15)]"
dH_R,matern,adaptive,ucb,3.0,0.003,6.538,22.976,26.22,25.58,0.1485,0.5593,False,False,"[np.float64(0.677), np.float64(0.15)]"
dH_R,matern,tight,ei,,2.818553756278192e-05,7.114,16.506,32.56,30.65,0.086,0.2298,False,True,"[np.float64(0.1), np.float64(0.116)]"
dH_R,matern,tight,ei,,0.0001,7.478,16.404,32.24,30.44,0.0968,0.2826,False,True,"[np.float64(0.1), np.float64(0.116)]"
dH_R,matern,tight,ei,,0.0003,7.253,16.483,32.5,30.58,0.0903,0.2497,False,True,"[np.float64(0.1), np.float64(0.118)]"
dH_R,matern,tight,ei,,0.001,7.545,16.411,32.32,30.41,0.0996,0.2919,False,True,"[np.float64(0.1), np.float64(0.122)]"
dH_R,matern,tight,ei,,0.003,5.22,16.572,32.27,31.68,0.0189,0.0607,True,True,"[np.float64(0.642), np.float64(0.142)]"
dH_R,matern,tight,ucb,1.0,2.818553756278192e-05,7.705,16.375,31.97,30.31,0.1053,0.3149,False,True,"[np.float64(0.1), np.float64(0.116)]"
dH_R,matern,tight,ucb,1.0,0.0001,7.698,16.347,31.98,30.3,0.1039,0.3144,False,True,"[np.float64(0.1), np.float64(0.116)]"
dH_R,matern,tight,ucb,1.0,0.0003,7.899,16.344,31.8,30.2,0.114,0.3427,False,True,"[np.float64(0.1), np.float64(0.118)]"
dH_R,matern,tight,ucb,1.0,0.001,7.726,16.334,32.11,30.28,0.1046,0.3185,False,True,"[np.float64(0.1), np.float64(0.122)]"
dH_R,matern,tight,ucb,1.0,0.003,5.257,16.317,32.14,31.16,0.0169,0.0467,True,True,"[np.float64(0.642), np.float64(0.142)]"
dH_R,matern,tight,ucb,2.0,2.818553756278192e-05,7.733,16.319,31.9,30.27,0.1043,0.3198,False,True,"[np.float64(0.1), np.float64(0.116)]"
dH_R,matern,tight,ucb,2.0,0.0001,7.917,16.285,31.67,30.16,0.112,0.3462,False,True,"[np.float64(0.1), np.float64(0.116)]"
dH_R,matern,tight,ucb,2.0,0.0003,7.989,16.246,31.6,30.1,0.1141,0.357,False,True,"[np.float64(0.1), np.float64(0.118)]"
dH_R,matern,tight,ucb,2.0,0.001,7.979,16.337,31.83,30.16,0.1182,0.354,False,True,"[np.float64(0.1), np.float64(0.122)]"
dH_R,matern,tight,ucb,2.0,0.003,6.571,22.973,26.35,25.65,0.1463,0.5602,False,False,"[np.float64(0.642), np.float64(0.142)]"
dH_R,matern,tight,ucb,3.0,2.818553756278192e-05,7.944,21.166,26.04,28.91,0.1573,0.5094,False,False,"[np.float64(0.1), np.float64(0.116)]"
dH_R,matern,tight,ucb,3.0,0.0001,7.921,21.403,25.92,28.79,0.1589,0.5233,False,False,"[np.float64(0.1), np.float64(0.116)]"
dH_R,matern,tight,ucb,3.0,0.0003,7.92,21.449,25.89,28.76,0.1586,0.5264,False,False,"[np.float64(0.1), np.float64(0.118)]"
dH_R,matern,tight,ucb,3.0,0.001,7.897,21.359,25.84,28.81,0.1581,0.5181,False,False,"[np.float64(0.1), np.float64(0.122)]"
dH_R,matern,tight,ucb,3.0,0.003,6.548,22.997,26.3,25.58,0.1487,0.5614,False,False,"[np.float64(0.642), np.float64(0.142)]"
dH_R,matern,loose,ei,,2.818553756278192e-05,7.934,16.836,32.95,30.26,0.1251,0.3424,False,True,"[np.float64(0.05), np.float64(1.807)]"
dH_R,matern,loose,ei,,0.0001,7.791,16.886,32.97,30.32,0.1144,0.3219,False,True,"[np.float64(0.05), np.float64(2.134)]"
dH_R,matern,loose,ei,,0.0003,7.458,17.008,33.03,30.43,0.0873,0.274,False,True,"[np.float64(0.05), np.float64(10.0)]"
dH_R,matern,loose,ei,,0.001,7.303,17.058,32.86,30.46,0.0743,0.2519,False,True,"[np.float64(0.05), np.float64(10.0)]"
dH_R,matern,loose,ei,,0.003,7.971,16.823,32.46,30.24,0.1279,0.3478,False,True,"[np.float64(0.05), np.float64(10.0)]"
dH_R,matern,loose,ucb,1.0,2.818553756278192e-05,7.542,16.973,32.99,30.41,0.0945,0.286,False,True,"[np.float64(0.05), np.float64(1.807)]"
dH_R,matern,loose,ucb,1.0,0.0001,7.945,16.815,32.73,30.25,0.126,0.3441,False,True,"[np.float64(0.05), np.float64(2.134)]"
dH_R,matern,loose,ucb,1.0,0.0003,7.629,16.925,32.76,30.39,0.1021,0.2986,False,True,"[np.float64(0.05), np.float64(10.0)]"
dH_R,matern,loose,ucb,1.0,0.001,6.157,17.476,32.6,30.06,0.0302,0.0971,True,True,"[np.float64(0.05), np.float64(10.0)]"
dH_R,matern,loose,ucb,1.0,0.003,7.443,16.984,32.26,30.45,0.0873,0.2718,False,True,"[np.float64(0.05), np.float64(10.0)]"
dH_R,matern,loose,ucb,2.0,2.818553756278192e-05,1.702,14.786,28.22,29.4,0.1199,0.1305,True,False,"[np.float64(0.05), np.float64(1.807)]"
dH_R,matern,loose,ucb,2.0,0.0001,2.524,13.98,28.25,26.91,0.0787,0.1728,False,False,"[np.float64(0.05), np.float64(2.134)]"
dH_R,matern,loose,ucb,2.0,0.0003,1.319,15.277,28.32,29.73,0.1168,0.1508,False,False,"[np.float64(0.05), np.float64(10.0)]"
dH_R,matern,loose,ucb,2.0,0.001,1.659,14.848,28.19,29.58,0.1195,0.1306,True,False,"[np.float64(0.05), np.float64(10.0)]"
dH_R,matern,loose,ucb,2.0,0.003,2.563,13.957,27.95,26.9,0.0761,0.1723,False,False,"[np.float64(0.05), np.float64(10.0)]"
dH_R,matern,loose,ucb,3.0,2.818553756278192e-05,1.655,13.257,26.51,22.64,0.1307,0.2545,False,False,"[np.float64(0.05), np.float64(1.807)]"
dH_R,matern,loose,ucb,3.0,0.0001,1.47,13.482,26.51,23.19,0.1462,0.2473,False,False,"[np.float64(0.05), np.float64(2.134)]"
dH_R,matern,loose,ucb,3.0,0.0003,1.846,13.037,26.49,22.36,0.1177,0.2652,False,False,"[np.float64(0.05), np.float64(10.0)]"
dH_R,matern,loose,ucb,3.0,0.001,2.928,12.071,26.51,25.45,0.1053,0.1937,False,False,"[np.float64(0.05), np.float64(10.0)]"
dH_R,matern,loose,ucb,3.0,0.003,2.346,12.549,26.49,23.02,0.1066,0.2803,False,False,"[np.float64(0.05), np.float64(10.0)]"
dH_R,rbf,adaptive,ei,,2.818553756278192e-05,6.806,16.599,39.05,30.83,0.0748,0.185,False,True,"[np.float64(0.15), np.float64(0.15)]"
dH_R,rbf,adaptive,ei,,0.0001,6.661,16.673,38.85,30.92,0.0673,0.1633,False,True,"[np.float64(0.15), np.float64(0.15)]"
dH_R,rbf,adaptive,ei,,0.0003,6.676,16.635,38.19,30.91,0.0692,0.1662,False,True,"[np.float64(0.15), np.float64(0.15)]"
dH_R,rbf,adaptive,ei,,0.001,6.746,16.593,35.87,30.86,0.0729,0.1767,False,True,"[np.float64(0.15), np.float64(0.15)]"
dH_R,rbf,adaptive,ei,,0.003,7.208,16.474,33.73,30.6,0.0889,0.2435,False,True,"[np.float64(0.15), np.float64(0.15)]"
dH_R,rbf,adaptive,ucb,1.0,2.818553756278192e-05,2.694,12.037,35.89,24.34,0.1092,0.2272,False,False,"[np.float64(0.15), np.float64(0.15)]"
dH_R,rbf,adaptive,ucb,1.0,0.0001,2.788,12.027,35.83,24.78,0.1087,0.2137,False,False,"[np.float64(0.15), np.float64(0.15)]"
dH_R,rbf,adaptive,ucb,1.0,0.0003,2.622,12.017,33.92,24.01,0.1096,0.2375,False,False,"[np.float64(0.15), np.float64(0.15)]"
dH_R,rbf,adaptive,ucb,1.0,0.001,7.605,16.369,34.87,30.36,0.1007,0.301,False,True,"[np.float64(0.15), np.float64(0.15)]"
dH_R,rbf,adaptive,ucb,1.0,0.003,7.963,16.417,32.97,30.2,0.1207,0.3506,False,True,"[np.float64(0.15), np.float64(0.15)]"
dH_R,rbf,adaptive,ucb,2.0,2.818553756278192e-05,7.977,21.17,27.76,28.9,0.1587,0.5129,False,False,"[np.float64(0.15), np.float64(0.15)]"
dH_R,rbf,adaptive,ucb,2.0,0.0001,7.952,21.143,27.82,28.92,0.157,0.5086,False,False,"[np.float64(0.15), np.float64(0.15)]"
dH_R,rbf,adaptive,ucb,2.0,0.0003,7.995,21.179,27.69,28.9,0.1596,0.5151,False,False,"[np.float64(0.15), np.float64(0.15)]"
dH_R,rbf,adaptive,ucb,2.0,0.001,7.858,21.232,27.86,28.88,0.1553,0.5057,False,False,"[np.float64(0.15), np.float64(0.15)]"
dH_R,rbf,adaptive,ucb,2.0,0.003,7.95,21.006,28.61,28.96,0.1521,0.4993,False,False,"[np.float64(0.15), np.float64(0.15)]"
dH_R,rbf,adaptive,ucb,3.0,2.818553756278192e-05,7.987,21.215,27.69,28.88,0.1601,0.5168,False,False,"[np.float64(0.15), np.float64(0.15)]"
dH_R,rbf,adaptive,ucb,3.0,0.0001,7.925,21.285,27.65,28.85,0.1586,0.5156,False,False,"[np.float64(0.15), np.float64(0.15)]"
dH_R,rbf,adaptive,ucb,3.0,0.0003,7.937,21.288,27.61,28.85,0.1591,0.517,False,False,"[np.float64(0.15), np.float64(0.15)]"
dH_R,rbf,adaptive,ucb,3.0,0.001,7.944,21.329,27.67,28.83,0.1597,0.5204,False,False,"[np.float64(0.15), np.float64(0.15)]"
dH_R,rbf,adaptive,ucb,3.0,0.003,7.991,21.114,28.44,28.92,0.1578,0.5104,False,False,"[np.float64(0.15), np.float64(0.15)]"
dH_R,rbf,tight,ei,,2.818553756278192e-05,7.109,16.48,33.85,30.64,0.0859,0.2296,False,True,"[np.float64(0.1), np.float64(0.1)]"
dH_R,rbf,tight,ei,,0.0001,7.016,16.46,33.92,30.68,0.0834,0.2171,False,True,"[np.float64(0.1), np.float64(0.1)]"
dH_R,rbf,tight,ei,,0.0003,7.201,16.477,33.62,30.6,0.0887,0.2424,False,True,"[np.float64(0.1), np.float64(0.1)]"
dH_R,rbf,tight,ei,,0.001,7.02,16.525,33.58,30.71,0.083,0.2163,False,True,"[np.float64(0.1), np.float64(0.1)]"
dH_R,rbf,tight,ei,,0.003,7.798,16.394,34.4,30.27,0.1106,0.3277,False,True,"[np.float64(0.1), np.float64(0.126)]"
dH_R,rbf,tight,ucb,1.0,2.818553756278192e-05,7.673,16.336,32.89,30.31,0.1023,0.3111,False,True,"[np.float64(0.1), np.float64(0.1)]"
dH_R,rbf,tight,ucb,1.0,0.0001,7.85,16.31,32.47,30.21,0.1097,0.3363,False,True,"[np.float64(0.1), np.float64(0.1)]"
dH_R,rbf,tight,ucb,1.0,0.0003,7.519,16.385,33.11,30.41,0.0978,0.2887,False,True,"[np.float64(0.1), np.float64(0.1)]"
dH_R,rbf,tight,ucb,1.0,0.001,7.623,16.367,32.68,30.35,0.1014,0.3036,False,True,"[np.float64(0.1), np.float64(0.1)]"
dH_R,rbf,tight,ucb,1.0,0.003,7.969,16.339,34.21,30.16,0.1178,0.3525,False,True,"[np.float64(0.1), np.float64(0.126)]"
dH_R,rbf,tight,ucb,2.0,2.818553756278192e-05,7.976,21.302,26.17,28.84,0.1607,0.5216,False,False,"[np.float64(0.1), np.float64(0.1)]"
dH_R,rbf,tight,ucb,2.0,0.0001,7.842,21.357,26.16,28.81,0.1562,0.5129,False,False,"[np.float64(0.1), np.float64(0.1)]"
dH_R,rbf,tight,ucb,2.0,0.0003,7.903,21.303,26.19,28.84,0.158,0.5148,False,False,"[np.float64(0.1), np.float64(0.1)]"
dH_R,rbf,tight,ucb,2.0,0.001,7.849,21.287,26.23,28.85,0.1559,0.5086,False,False,"[np.float64(0.1), np.float64(0.1)]"
dH_R,rbf,tight,ucb,2.0,0.003,7.921,16.266,34.17,30.15,0.1113,0.3472,False,True,"[np.float64(0.1), np.float64(0.126)]"
dH_R,rbf,tight,ucb,3.0,2.818553756278192e-05,7.929,21.322,26.17,28.83,0.1591,0.5184,False,False,"[np.float64(0.1), np.float64(0.1)]"
dH_R,rbf,tight,ucb,3.0,0.0001,7.966,21.343,26.17,28.82,0.1606,0.5234,False,False,"[np.float64(0.1), np.float64(0.1)]"
dH_R,rbf,tight,ucb,3.0,0.0003,7.744,21.401,26.14,28.78,0.1532,0.5071,False,False,"[np.float64(0.1), np.float64(0.1)]"
dH_R,rbf,tight,ucb,3.0,0.001,7.938,21.128,26.3,28.92,0.156,0.5062,False,False,"[np.float64(0.1), np.float64(0.1)]"
dH_R,rbf,tight,ucb,3.0,0.003,7.96,21.378,25.68,28.8,0.1604,0.5253,False,False,"[np.float64(0.1), np.float64(0.126)]"
dH_R,rbf,loose,ei,,2.818553756278192e-05,6.973,17.194,34.94,30.45,0.0443,0.2052,False,True,"[np.float64(0.05), np.float64(1.491)]"
dH_R,rbf,loose,ei,,0.0001,7.918,16.879,35.07,30.25,0.1236,0.3399,False,True,"[np.float64(0.05), np.float64(1.7)]"
dH_R,rbf,loose,ei,,0.0003,6.992,17.183,34.94,30.45,0.0463,0.2078,False,True,"[np.float64(0.05), np.float64(3.665)]"
dH_R,rbf,loose,ei,,0.001,7.858,16.883,34.88,30.28,0.1192,0.3314,False,True,"[np.float64(0.05), np.float64(10.0)]"
dH_R,rbf,loose,ei,,0.003,7.831,16.403,33.63,30.26,0.1127,0.3322,False,True,"[np.float64(0.081), np.float64(0.123)]"
dH_R,rbf,loose,ucb,1.0,2.818553756278192e-05,1.009,15.705,29.45,27.66,0.1197,0.1859,False,False,"[np.float64(0.05), np.float64(1.491)]"
dH_R,rbf,loose,ucb,1.0,0.0001,1.921,14.533,29.6,28.54,0.1156,0.1328,True,False,"[np.float64(0.05), np.float64(1.7)]"
dH_R,rbf,loose,ucb,1.0,0.0003,2.007,14.476,30.05,28.36,0.1112,0.1331,True,False,"[np.float64(0.05), np.float64(3.665)]"
dH_R,rbf,loose,ucb,1.0,0.001,1.628,14.871,29.45,29.62,0.1203,0.1323,True,False,"[np.float64(0.05), np.float64(10.0)]"
dH_R,rbf,loose,ucb,1.0,0.003,7.959,16.366,33.51,30.18,0.1184,0.3508,False,True,"[np.float64(0.081), np.float64(0.123)]"
dH_R,rbf,loose,ucb,2.0,2.818553756278192e-05,1.205,13.885,26.81,24.67,0.1694,0.2389,False,False,"[np.float64(0.05), np.float64(1.491)]"
dH_R,rbf,loose,ucb,2.0,0.0001,4.394,12.7,29.58,30.92,0.0696,0.0596,True,True,"[np.float64(0.05), np.float64(1.7)]"
dH_R,rbf,loose,ucb,2.0,0.0003,5.773,12.043,30.03,31.88,0.1161,0.2127,False,True,"[np.float64(0.05), np.float64(3.665)]"
dH_R,rbf,loose,ucb,2.0,0.001,4.027,12.929,29.44,29.81,0.0827,0.0866,True,False,"[np.float64(0.05), np.float64(10.0)]"
dH_R,rbf,loose,ucb,2.0,0.003,7.879,16.317,33.48,30.2,0.1116,0.3403,False,True,"[np.float64(0.081), np.float64(0.123)]"
dH_R,rbf,loose,ucb,3.0,2.818553756278192e-05,2.417,12.417,26.39,23.2,0.1057,0.2685,False,False,"[np.float64(0.05), np.float64(1.491)]"
dH_R,rbf,loose,ucb,3.0,0.0001,2.211,12.608,26.39,22.59,0.1052,0.2962,False,False,"[np.float64(0.05), np.float64(1.7)]"
dH_R,rbf,loose,ucb,3.0,0.0003,2.768,12.127,26.39,24.67,0.1074,0.2167,False,False,"[np.float64(0.05), np.float64(3.665)]"
dH_R,rbf,loose,ucb,3.0,0.001,1.075,13.975,26.39,24.97,0.1776,0.2457,False,False,"[np.float64(0.05), np.float64(10.0)]"
dH_R,rbf,loose,ucb,3.0,0.003,7.984,16.33,33.43,30.15,0.1182,0.3548,False,True,"[np.float64(0.081), np.float64(0.123)]"
