print_order,d_mm,F_N
1,0.0,0.0
1,0.0287,1.7
1,0.0685,5.5
1,0.1095,10.1
1,0.1497,15.1
1,0.1901,20.2
1,0.2297,25.2
1,0.27,30.5
1,0.3106,36.0
1,0.3509,41.4
1,0.3907,46.9
1,0.43,52.2
1,0.4715,57.9
1,0.5115,63.4
1,0.5512,68.9
1,0.5908,74.3
1,0.6323,80.1
1,0.6716,85.5
1,0.7123,91.1
1,0.7525,96.7
1,0.7924,102.2
1,0.8324,107.7
1,0.8727,113.3
1,0.9132,118.8
1,0.9524,124.2
1,0.9936,129.9
1,1.0332,135.4
1,1.074,141.0
1,1.1135,146.4
1,1.1538,152.0
1,1.1936,157.5
1,1.2349,163.2
1,1.2744,168.7
1,1.3142,174.2
1,1.3546,179.8
1,1.3957,185.6
1,1.4352,191.0
1,1.4745,196.4
1,1.5165,202.2
1,1.5559,207.7
1,1.5962,213.3
1,1.6359,218.7
1,1.6766,224.3
1,1.7165,229.8
1,1.7569,235.3
1,1.7966,240.8
1,1.8366,246.3
1,1.8774,251.9
1,1.9173,257.3
1,1.9572,262.7
1,1.9974,268.2
1,2.0382,273.7
1,2.0776,279.0
1,2.1179,284.5
1,2.1582,290.0
1,2.1982,295.4
1,2.2382,300.8
1,2.2794,306.3
1,2.3191,311.6
1,2.3585,316.8
1,2.3995,322.3
1,2.4398,327.7
1,2.4802,333.0
1,2.5198,338.2
1,2.5602,343.6
1,2.6005,349.0
1,2.641,354.4
1,2.6807,359.6
1,2.7202,364.8
1,2.7612,370.2
1,2.8018,375.5
1,2.8412,380.7
1,2.8806,385.8
1,2.9224,391.3
1,2.9618,396.5
1,3.0022,401.8
1,3.0424,407.0
1,3.0826,412.1
1,3.1224,417.2
1,3.1625,422.3
1,3.2032,427.6
1,3.2425,432.7
1,3.2835,438.0
1,3.3234,443.2
1,3.3637,448.3
1,3.4035,453.3
1,3.4442,458.4
1,3.4836,463.3
1,3.525,468.6
1,3.5646,473.5
1,3.6046,478.4
1,3.6443,483.3
1,3.6855,488.4
1,3.7253,493.3
1,3.7644,498.1
1,3.8065,503.3
1,3.846,508.1
1,3.8861,513.0
1,3.9256,517.8
1,3.9667,522.8
1,4.0062,527.5
1,4.0469,532.5
1,4.0867,537.2
1,4.1269,541.9
1,4.1672,546.7
1,4.2074,551.5
1,4.247,556.1
1,4.2871,560.8
1,4.3283,565.5
1,4.3677,570.0
1,4.4079,574.5
1,4.4483,579.0
1,4.4884,583.6
1,4.5283,588.1
1,4.5693,592.7
1,4.6093,597.1
1,4.6486,601.3
1,4.6895,605.7
1,4.73,609.9
1,4.7699,614.0
1,4.8096,617.8
1,4.8505,621.7
1,4.8904,625.3
1,4.9308,629.0
1,4.9707,632.3
1,5.0106,635.5
1,5.0509,638.3
1,5.0916,640.5
1,5.1315,640.9
1,5.1619,157.0
2,0.0,0.2
2,0.0577,6.5
2,0.123,14.1
2,0.1878,22.3
2,0.2525,31.6
2,0.3167,41.1
2,0.3815,50.9
2,0.4469,60.8
2,0.5107,70.6
2,0.5756,80.6
2,0.6403,90.5
2,0.7048,100.4
2,0.7688,110.3
2,0.8339,120.4
2,0.8981,130.3
2,0.9633,140.5
2,1.0277,150.5
2,1.0923,160.6
2,1.1567,170.7
2,1.2216,180.7
2,1.2864,190.7
2,1.3515,200.9
2,1.4145,210.8
2,1.4797,221.0
2,1.5446,231.0
2,1.6093,241.0
2,1.6729,250.7
2,1.7385,260.9
2,1.8033,270.8
2,1.8679,280.9
2,1.9317,290.6
2,1.997,300.6
2,2.0617,310.5
2,2.1259,320.4
2,2.1902,330.2
2,2.2553,340.2
2,2.3201,350.0
2,2.384,359.6
2,2.4491,369.4
2,2.5134,379.1
2,2.5788,388.8
2,2.6428,398.4
2,2.7082,408.2
2,2.772,417.7
2,2.8368,427.3
2,2.901,436.8
2,2.9659,446.4
2,3.0299,455.8
2,3.0949,465.4
2,3.16,474.9
2,3.2248,484.4
2,3.2883,493.5
2,3.3539,503.0
2,3.4186,512.2
2,3.4823,521.5
2,3.5466,530.4
2,3.6116,539.6
2,3.6767,548.8
2,3.741,557.8
2,3.8052,566.7
2,3.8705,575.9
2,3.9351,584.7
2,3.9996,593.6
2,4.0644,602.4
2,4.1293,611.4
2,4.1931,620.0
2,4.2573,628.5
2,4.3228,637.2
2,4.3866,645.6
2,4.4522,654.3
2,4.516,662.6
2,4.5816,671.1
2,4.6452,679.2
2,4.7105,687.5
2,4.7749,695.6
2,4.8401,703.8
2,4.9029,711.4
2,4.9683,719.5
2,5.0335,727.4
2,5.0978,735.0
2,5.1618,742.4
2,5.2271,749.9
2,5.2919,757.1
2,5.3563,764.4
2,5.4206,771.5
2,5.4857,778.6
2,5.5506,785.3
2,5.614,791.8
2,5.6788,798.3
2,5.744,804.7
2,5.8083,810.9
2,5.8731,817.0
2,5.938,822.9
2,6.0026,828.5
2,6.0673,833.9
2,6.1313,839.0
2,6.1968,844.3
2,6.2598,848.9
2,6.3253,853.7
2,6.3896,858.1
2,6.4552,862.6
2,6.5183,866.4
2,6.584,870.6
2,6.6485,874.3
2,6.7131,877.8
2,6.777,881.2
2,6.8424,884.7
2,6.9074,887.8
2,6.971,890.6
2,7.0353,893.2
2,7.1004,895.8
2,7.1654,898.2
2,7.2295,900.4
2,7.2941,902.4
2,7.3593,904.3
2,7.4239,906.0
2,7.488,907.4
2,7.5531,908.8
2,7.6179,909.9
2,7.6816,910.7
2,7.7466,911.4
2,7.8113,911.8
2,7.8756,911.8
2,7.9405,911.7
2,8.0047,911.1
2,8.0703,910.6
2,8.1338,909.1
2,8.1994,907.5
2,8.2637,904.9
2,8.329,901.0
3,0.0,0.0
3,0.0261,0.5
3,0.0637,1.4
3,0.1006,3.2
3,0.1385,5.1
3,0.1743,7.1
3,0.2123,9.2
3,0.25,11.2
3,0.2868,13.3
3,0.3238,15.3
3,0.361,17.3
3,0.3984,19.4
3,0.435,21.4
3,0.4732,23.5
3,0.5098,25.5
3,0.5468,27.6
3,0.5842,29.7
3,0.6213,31.8
3,0.6583,33.9
3,0.695,36.0
3,0.7331,38.2
3,0.7709,40.3
3,0.8075,42.4
3,0.8445,44.5
3,0.8814,46.7
3,0.9187,48.8
3,0.9557,50.9
3,0.9932,53.0
3,1.0306,55.2
3,1.0677,57.3
3,1.105,59.4
3,1.1422,61.5
3,1.179,63.6
3,1.2153,65.7
3,1.2537,67.9
3,1.2914,70.0
3,1.3274,72.1
3,1.3654,74.2
3,1.4022,76.3
3,1.4399,78.5
3,1.4763,80.5
3,1.5135,82.7
3,1.551,84.8
3,1.5882,86.9
3,1.6256,89.0
3,1.6621,91.0
3,1.6997,93.2
3,1.7364,95.3
3,1.7746,97.5
3,1.8114,99.5
3,1.8483,101.6
3,1.8858,103.7
3,1.9227,105.8
3,1.9602,107.8
3,1.9962,109.8
3,2.0344,111.9
3,2.0721,114.0
3,2.1089,116.0
3,2.1458,118.0
3,2.1828,120.1
3,2.2201,122.2
3,2.2569,124.2
3,2.2949,126.3
3,2.3318,128.3
3,2.369,130.4
3,2.4066,132.4
3,2.4435,134.4
3,2.4803,136.4
3,2.5169,138.4
3,2.5552,140.4
3,2.5923,142.4
3,2.6293,144.4
3,2.6666,146.4
3,2.7034,148.3
3,2.741,150.3
3,2.7777,152.2
3,2.8149,154.1
3,2.8528,156.0
3,2.8895,157.8
3,2.9272,159.7
3,2.9642,161.6
3,3.0008,163.4
3,3.0376,165.2
3,3.0756,167.2
3,3.1131,169.2
3,3.1497,171.1
3,3.1873,173.0
3,3.224,174.9
3,3.2618,176.8
3,3.2975,178.7
3,3.3356,180.6
3,3.3733,182.5
3,3.4101,184.4
3,3.448,186.4
3,3.4844,188.3
3,3.5216,190.1
3,3.5584,191.9
3,3.5962,193.8
3,3.6331,195.6
3,3.6702,197.5
3,3.7076,199.3
3,3.7449,201.2
3,3.7823,203.0
3,3.8181,204.8
3,3.8563,206.6
3,3.8939,208.5
3,3.9309,210.2
3,3.9681,212.0
3,4.0048,213.7
3,4.0421,215.4
3,4.079,217.1
3,4.117,218.9
3,4.154,220.6
3,4.1908,222.2
3,4.2286,223.8
3,4.2656,225.4
3,4.3012,158.3
3,4.338,147.5
3,4.3757,143.4
3,4.4135,140.9
3,4.4506,139.0
3,4.4877,137.5
3,4.5248,136.3
3,4.5623,135.3
3,4.5987,134.4
3,4.6357,133.6
3,4.6734,132.9
3,4.7101,132.2
3,4.7482,131.6
3,4.7853,131.1
4,0.0,0.0
4,0.049,4.0
4,0.1114,12.1
4,0.1722,18.3
4,0.2345,24.6
4,0.2954,33.3
4,0.3568,42.4
4,0.4187,51.6
4,0.48,60.9
4,0.5418,70.3
4,0.6035,79.8
4,0.6637,89.0
4,0.7253,98.5
4,0.7882,108.3
4,0.8486,117.7
4,0.9117,127.6
4,0.9712,136.8
4,1.0335,146.7
4,1.0952,156.4
4,1.1564,165.9
4,1.2178,175.5
4,1.2801,185.3
4,1.3404,194.7
4,1.4022,204.4
4,1.4642,214.1
4,1.5254,223.6
4,1.5882,233.4
4,1.6477,242.6
4,1.7095,252.3
4,1.7706,261.8
4,1.8335,271.6
4,1.894,280.9
4,1.9564,290.6
4,2.0163,299.7
4,2.0788,309.4
4,2.1407,318.9
4,2.2016,328.2
4,2.2636,337.7
4,2.3246,346.9
4,2.3862,356.3
4,2.4474,365.6
4,2.5096,374.9
4,2.5707,384.1
4,2.6333,393.5
4,2.6928,402.3
4,2.755,411.6
4,2.8171,420.8
4,2.8786,429.9
4,2.9399,439.0
4,3.0011,447.9
4,3.0625,456.9
4,3.1246,466.0
4,3.1859,474.9
4,3.2468,483.7
4,3.3092,492.7
4,3.3696,501.4
4,3.4314,510.2
4,3.4934,519.1
4,3.5544,527.7
4,3.6167,536.5
4,3.6778,545.1
4,3.7384,553.5
4,3.8008,562.1
4,3.8625,570.6
4,3.9235,578.8
4,3.9859,587.4
4,4.0457,595.3
4,4.1082,603.7
4,4.1698,611.8
4,4.2309,619.8
4,4.2929,627.9
4,4.3543,635.7
4,4.4152,643.4
4,4.4766,651.1
4,4.5387,658.8
4,4.6,666.2
4,4.6627,673.7
4,4.7224,680.6
4,4.7843,687.7
4,4.8458,694.6
4,4.9078,701.4
4,4.9693,707.9
4,5.0306,714.3
4,5.091,720.2
4,5.1535,726.4
4,5.2154,732.2
4,5.2761,737.5
4,5.3388,743.1
4,5.3989,747.8
4,5.4611,752.9
4,5.5221,757.5
4,5.5842,762.2
4,5.6454,766.4
4,5.7075,770.8
4,5.7674,774.5
4,5.8296,778.5
4,5.8919,782.3
4,5.9529,785.8
4,6.0154,789.4
4,6.0752,792.4
4,6.1375,795.6
4,6.1993,798.6
4,6.2606,801.5
4,6.3216,804.1
4,6.3839,806.8
4,6.4439,808.9
4,6.5067,811.5
4,6.5676,813.6
4,6.6293,815.6
4,6.6919,817.6
4,6.7518,819.0
4,6.8135,820.7
4,6.8752,822.2
4,6.9371,823.5
4,6.9984,824.7
4,7.0601,825.8
4,7.1204,826.6
4,7.1828,827.4
4,7.2445,828.1
4,7.3055,828.6
4,7.3674,829.0
4,7.4287,829.1
4,7.49,829.2
4,7.5517,829.2
4,7.6134,829.1
4,7.675,828.6
4,7.7371,828.3
4,7.7971,827.5
4,7.8589,826.8
4,7.9213,825.9
5,0.0,0.0
5,0.0434,3.1
5,0.0997,8.8
5,0.1562,15.9
5,0.2124,20.5
5,0.2689,28.2
5,0.3254,36.4
5,0.3811,44.8
5,0.438,53.8
5,0.4944,62.8
5,0.5506,71.8
5,0.6065,80.8
5,0.6619,89.8
5,0.7189,99.1
5,0.7751,108.3
5,0.831,117.4
5,0.8879,126.7
5,0.9443,136.0
5,0.9998,145.2
5,1.0568,154.6
5,1.1122,163.8
5,1.1694,173.4
5,1.2265,182.9
5,1.2816,192.0
5,1.3374,201.3
5,1.3931,210.5
5,1.4502,220.1
5,1.506,229.4
5,1.5627,238.8
5,1.6191,248.2
5,1.6759,257.6
5,1.732,266.8
5,1.7875,276.0
5,1.844,285.3
5,1.9013,294.8
5,1.9573,304.0
5,2.0125,313.0
5,2.0685,322.1
5,2.1244,331.3
5,2.1821,340.7
5,2.2375,349.7
5,2.2938,358.9
5,2.3512,368.2
5,2.4067,377.1
5,2.4631,386.2
5,2.5191,395.2
5,2.5754,404.3
5,2.6328,413.5
5,2.6884,422.4
5,2.7432,431.1
5,2.7998,440.0
5,2.8564,449.0
5,2.9129,457.9
5,2.9692,466.8
5,3.0254,475.6
5,3.0817,484.4
5,3.1383,493.3
5,3.1941,501.9
5,3.2504,510.6
5,3.3073,519.5
5,3.3638,528.0
5,3.419,536.5
5,3.4753,545.0
5,3.5312,553.5
5,3.5876,562.0
5,3.6448,570.6
5,3.7003,578.9
5,3.7572,587.4
5,3.8135,595.6
5,3.869,603.7
5,3.9255,612.0
5,3.9822,620.2
5,4.0389,628.4
5,4.0947,636.3
5,4.1499,644.0
5,4.2063,651.9
5,4.2632,660.0
5,4.3188,667.6
5,4.3759,675.4
5,4.4322,683.1
5,4.4887,690.6
5,4.5447,698.0
5,4.6003,705.2
5,4.657,712.5
5,4.7139,719.8
5,4.7701,726.8
5,4.8254,733.5
5,4.8811,740.2
5,4.9381,746.9
5,4.9944,753.4
5,5.0506,759.8
5,5.1073,766.0
5,5.1634,772.0
5,5.2203,777.8
5,5.2758,783.3
5,5.3316,788.7
5,5.3892,794.2
5,5.4454,799.3
5,5.5006,804.0
5,5.5566,808.6
5,5.6121,812.9
5,5.6698,817.4
5,5.726,821.5
5,5.7816,825.3
5,5.8387,829.1
5,5.8948,832.6
5,5.9513,835.8
5,6.0069,838.9
5,6.0634,841.8
5,6.1206,844.7
5,6.1767,847.1
5,6.2323,849.1
5,6.2875,851.0
5,6.3443,852.8
5,6.4009,854.3
5,6.4572,855.7
5,6.5134,856.7
5,6.5702,857.6
5,6.626,858.1
5,6.6826,858.5
5,6.7382,858.6
5,6.7948,858.7
5,6.8525,858.6
5,6.9072,857.9
5,6.9634,857.2
5,7.0193,856.2
5,7.0758,855.1
5,7.1325,853.7
5,7.1887,851.9
5,7.2452,849.6
6,0.0,0.1
6,0.0484,5.1
6,0.1078,13.4
6,0.1692,18.7
6,0.2287,23.7
6,0.2885,33.7
6,0.3488,43.9
6,0.4092,54.4
6,0.4695,65.1
6,0.5304,76.0
6,0.5898,86.6
6,0.649,97.3
6,0.71,108.3
6,0.7705,119.2
6,0.8306,130.0
6,0.8901,140.8
6,0.9517,151.9
6,1.0104,162.4
6,1.0707,173.4
6,1.1318,184.5
6,1.1919,195.4
6,1.2514,206.0
6,1.3124,217.1
6,1.372,227.8
6,1.432,238.6
6,1.4919,249.5
6,1.5527,260.5
6,1.6132,271.2
6,1.6727,282.0
6,1.7341,293.0
6,1.7921,303.3
6,1.8537,314.4
6,1.9133,325.1
6,1.9742,336.0
6,2.0334,346.4
6,2.0951,357.5
6,2.1541,367.8
6,2.2136,378.4
6,2.2749,389.3
6,2.3351,399.9
6,2.3953,410.5
6,2.455,420.9
6,2.5163,431.7
6,2.5747,441.7
6,2.6354,452.4
6,2.6959,462.9
6,2.7564,473.3
6,2.8164,483.6
6,2.8772,494.0
6,2.9359,504.0
6,2.9965,514.3
6,3.0571,524.6
6,3.1172,534.7
6,3.177,544.8
6,3.2383,555.1
6,3.2979,565.2
6,3.3572,575.1
6,3.4182,585.3
6,3.4785,595.3
6,3.5386,605.1
6,3.598,614.7
6,3.6598,624.8
6,3.7184,634.2
6,3.7788,644.0
6,3.839,653.6
6,3.9,663.3
6,3.9594,672.5
6,4.0209,682.2
6,4.0796,691.2
6,4.14,700.5
6,4.2001,709.6
6,4.2608,718.8
6,4.3206,727.7
6,4.3807,736.5
6,4.4422,745.5
6,4.4999,753.6
6,4.562,762.5
6,4.6214,770.7
6,4.6821,779.1
6,4.7415,787.0
6,4.8029,795.2
6,4.8621,802.7
6,4.9218,810.2
6,4.9824,817.7
6,5.0432,825.0
6,5.1032,832.0
6,5.1628,838.7
6,5.2238,845.5
6,5.2825,851.5
6,5.3436,858.0
6,5.4039,863.9
6,5.4636,869.6
6,5.5243,875.1
6,5.5851,880.5
6,5.644,885.3
6,5.7044,890.1
6,5.7651,894.9
6,5.8253,899.3
6,5.885,903.4
6,5.9463,907.5
6,6.0061,911.2
6,6.0647,914.5
6,6.1256,918.0
6,6.1864,921.2
6,6.2465,924.2
6,6.3061,926.8
6,6.367,929.6
6,6.4264,931.8
6,6.4867,934.2
6,6.547,936.4
6,6.6073,938.3
6,6.6674,940.0
6,6.7286,941.8
6,6.7875,942.9
6,6.8479,944.1
6,6.908,945.2
6,6.9685,946.3
6,7.0284,947.0
6,7.0888,947.6
6,7.1501,948.3
6,7.2082,948.3
6,7.2693,948.7
6,7.3296,948.6
6,7.3902,948.6
6,7.4493,948.2
6,7.5104,948.0
6,7.5702,947.2
6,7.6295,946.3
6,7.6905,945.4
6,7.751,944.1
7,0.0,0.0
7,0.0508,3.2
7,0.1158,8.6
7,0.1788,13.7
7,0.2439,18.8
7,0.3067,19.6
7,0.3714,24.0
7,0.4353,30.3
7,0.5003,36.7
7,0.5624,42.9
7,0.627,49.4
7,0.6913,56.1
7,0.7555,62.9
7,0.8191,69.6
7,0.8832,76.4
7,0.9475,83.3
7,1.0108,90.0
7,1.0758,96.9
7,1.1377,103.4
7,1.2024,110.4
7,1.2668,117.2
7,1.3314,124.1
7,1.3938,130.7
7,1.4588,137.6
7,1.5227,144.4
7,1.5865,151.1
7,1.6509,157.9
7,1.7144,164.6
7,1.7786,171.4
7,1.8425,178.0
7,1.9071,184.9
7,1.9698,191.3
7,2.0344,198.1
7,2.0982,204.6
7,2.1623,211.3
7,2.2253,217.7
7,2.2901,224.3
7,2.3542,230.8
7,2.4178,237.2
7,2.4827,243.8
7,2.5454,250.0
7,2.6097,256.4
7,2.6742,262.8
7,2.7383,269.1
7,2.8013,275.2
7,2.8657,281.5
7,2.9303,287.8
7,2.9939,293.9
7,3.0579,300.1
7,3.121,306.1
7,3.1852,312.2
7,3.2495,318.3
7,3.3141,324.4
7,3.3767,330.2
7,3.4409,336.1
7,3.5055,342.0
7,3.5696,347.9
7,3.6329,353.5
7,3.6971,359.2
7,3.7615,364.8
7,3.825,370.3
7,3.8897,375.9
7,3.9531,381.2
7,4.0169,386.6
7,4.0815,392.0
7,4.1455,397.2
7,4.2079,402.2
7,4.2724,407.4
7,4.3371,412.5
7,4.4001,417.3
7,4.4646,422.1
7,4.5284,426.9
7,4.5928,431.7
7,4.6565,436.4
7,4.7211,441.2
7,4.7841,445.6
7,4.8483,450.1
7,4.9128,454.5
7,4.977,458.8
7,5.0399,462.8
7,5.1043,466.9
7,5.1684,470.8
7,5.2315,474.5
7,5.2965,478.4
7,5.3594,481.8
7,5.4243,485.4
7,5.4878,488.7
7,5.5531,492.0
7,5.6151,494.8
7,5.6795,497.8
7,5.7444,500.7
7,5.8077,503.2
7,5.8716,505.6
7,5.9357,507.9
7,6.0003,510.2
7,6.0638,512.1
7,6.1289,514.1
7,6.1904,515.6
7,6.2553,517.3
7,6.3193,518.8
7,6.3841,520.4
7,6.4467,521.5
7,6.5108,522.8
7,6.5759,524.2
7,6.6389,525.1
7,6.7035,526.3
7,6.767,527.2
7,6.8315,528.2
7,6.895,528.9
7,6.9607,529.9
7,7.0222,530.3
7,7.0873,531.1
7,7.1516,531.7
7,7.2148,532.2
7,7.2784,532.6
7,7.3424,533.0
7,7.4072,533.4
7,7.4704,533.5
7,7.5352,533.8
7,7.598,533.8
7,7.6628,533.9
7,7.7264,533.9
7,7.7916,534.0
7,7.8536,533.7
7,7.9185,533.8
7,7.9828,533.7
7,8.0467,533.5
7,8.1104,533.2
7,8.1744,533.0
7,8.2392,532.8
8,0.0,0.1
8,0.0507,5.7
8,0.1119,15.9
8,0.1758,19.9
8,0.239,27.7
8,0.3013,38.6
8,0.3652,49.7
8,0.4269,60.7
8,0.4897,71.9
8,0.554,83.5
8,0.6159,94.6
8,0.6793,106.0
8,0.7416,117.3
8,0.8045,128.7
8,0.8677,140.1
8,0.9311,151.6
8,0.9932,162.8
8,1.056,174.3
8,1.1193,185.8
8,1.1825,197.2
8,1.2449,208.6
8,1.3076,219.8
8,1.3707,231.4
8,1.4337,242.7
8,1.4964,254.0
8,1.5606,265.7
8,1.621,276.4
8,1.6855,288.2
8,1.7481,299.5
8,1.8107,310.8
8,1.8752,322.4
8,1.936,333.2
8,1.9992,344.6
8,2.0632,356.1
8,2.125,367.0
8,2.189,378.4
8,2.2505,389.3
8,2.3143,400.6
8,2.377,411.7
8,2.4403,422.8
8,2.503,433.8
8,2.5651,444.6
8,2.6285,455.7
8,2.6917,466.6
8,2.7548,477.5
8,2.8172,488.1
8,2.8799,499.0
8,2.9438,509.9
8,3.0059,520.5
8,3.0698,531.4
8,3.1313,541.7
8,3.1947,552.5
8,3.258,563.1
8,3.3204,573.5
8,3.3847,584.4
8,3.4451,594.2
8,3.5092,604.9
8,3.5724,615.3
8,3.6346,625.5
8,3.6987,635.9
8,3.7602,645.8
8,3.823,655.9
8,3.8875,666.3
8,3.949,676.0
8,4.0124,686.0
8,4.0748,695.8
8,4.138,705.6
8,4.2009,715.3
8,4.2647,725.1
8,4.3264,734.4
8,4.3896,743.9
8,4.4527,753.3
8,4.5158,762.6
8,4.5786,771.8
8,4.6409,780.7
8,4.7041,789.8
8,4.767,798.8
8,4.8299,807.5
8,4.8939,816.4
8,4.9545,824.4
8,5.0189,833.1
8,5.0815,841.3
8,5.144,849.3
8,5.2081,857.4
8,5.2693,864.7
8,5.3325,872.3
8,5.3966,879.8
8,5.4584,886.7
8,5.5226,893.9
8,5.5841,900.4
8,5.6477,907.1
8,5.7108,913.5
8,5.7737,919.6
8,5.8362,925.5
8,5.8991,931.2
8,5.9622,936.8
8,6.0249,942.1
8,6.0888,947.4
8,6.1505,952.0
8,6.2131,956.6
8,6.2771,961.2
8,6.3394,965.3
8,6.403,969.5
8,6.4649,973.0
8,6.5279,976.6
8,6.5911,980.1
8,6.6537,983.2
8,6.7179,986.5
8,6.7784,988.8
8,6.8425,991.7
8,6.9055,994.1
8,6.968,996.4
8,7.0318,998.5
8,7.0935,1000.3
8,7.1564,1002.0
8,7.2205,1003.7
8,7.2825,1004.8
8,7.3457,1006.0
8,7.4081,1006.7
8,7.4717,1007.5
8,7.5339,1007.9
8,7.5983,1008.4
8,7.6598,1008.1
8,7.7229,1008.0
8,7.786,1007.5
8,7.849,1006.8
8,7.9119,1005.9
8,7.9742,1004.4
8,8.0372,1003.0
8,8.1009,1001.1
9,0.0,0.1
9,0.0489,3.6
9,0.1097,10.7
9,0.1691,17.8
9,0.2295,20.0
9,0.2897,22.7
9,0.35,30.1
9,0.4092,37.5
9,0.4708,45.2
9,0.5289,52.4
9,0.5902,60.2
9,0.6502,67.7
9,0.7104,75.4
9,0.7702,82.9
9,0.8307,90.6
9,0.8906,98.2
9,0.9494,105.6
9,1.0101,113.4
9,1.0707,121.0
9,1.1305,128.6
9,1.1911,136.3
9,1.2518,144.1
9,1.3104,151.5
9,1.3707,159.2
9,1.4307,166.8
9,1.4913,174.5
9,1.5509,182.0
9,1.6114,189.6
9,1.6713,197.2
9,1.7303,204.6
9,1.7914,212.3
9,1.8519,219.9
9,1.9116,227.4
9,1.9715,234.9
9,2.0324,242.5
9,2.0912,249.7
9,2.1514,257.2
9,2.2113,264.7
9,2.2723,272.2
9,2.3314,279.4
9,2.3931,287.1
9,2.4523,294.3
9,2.5117,301.5
9,2.5722,309.0
9,2.6322,316.2
9,2.6928,323.6
9,2.7517,330.7
9,2.8137,338.2
9,2.8717,345.1
9,2.9319,352.3
9,2.9927,359.5
9,3.0533,366.7
9,3.113,373.7
9,3.1733,380.8
9,3.2334,387.8
9,3.2921,394.6
9,3.3531,401.7
9,3.4127,408.5
9,3.4735,415.6
9,3.5322,422.2
9,3.5946,429.3
9,3.6531,435.8
9,3.7132,442.6
9,3.7738,449.4
9,3.8335,456.0
9,3.8939,462.8
9,3.9536,469.3
9,4.0141,475.9
9,4.0727,482.1
9,4.1331,488.7
9,4.1946,495.3
9,4.2544,501.6
9,4.3141,507.8
9,4.3752,514.3
9,4.4338,520.3
9,4.4939,526.5
9,4.5541,532.6
9,4.6143,538.7
9,4.6744,544.7
9,4.7344,550.7
9,4.7955,556.7
9,4.8543,562.3
9,4.9148,568.2
9,4.975,573.9
9,5.0351,579.5
9,5.0948,585.0
9,5.156,590.7
9,5.2146,595.8
9,5.2743,601.1
9,5.3345,606.3
9,5.3959,611.6
9,5.4556,616.6
9,5.5158,621.5
9,5.5761,626.4
9,5.6348,631.0
9,5.6957,635.7
9,5.7558,640.2
9,5.8161,644.6
9,5.8753,648.7
9,5.9368,653.0
9,5.9959,656.8
9,6.056,660.7
9,6.1157,664.3
9,6.1765,668.0
9,6.2364,671.3
9,6.2962,674.5
9,6.3572,677.6
9,6.4154,680.3
9,6.4766,683.1
9,6.536,685.6
9,6.5977,688.0
9,6.6566,690.0
9,6.718,692.2
9,6.777,693.8
9,6.8361,695.3
9,6.8973,696.8
9,6.9567,698.0
9,7.0173,699.1
9,7.0768,699.8
9,7.1378,700.5
9,7.1968,700.7
9,7.2574,700.9
9,7.3178,700.8
9,7.378,700.5
9,7.4377,699.8
9,7.4985,699.1
9,7.5576,697.9
9,7.6168,696.5
9,7.6777,695.2
9,7.7385,693.5
10,0.0,0.1
10,0.0574,4.7
10,0.1257,12.9
10,0.1955,21.7
10,0.2634,30.5
10,0.3317,39.7
10,0.402,49.3
10,0.4698,58.6
10,0.5384,68.1
10,0.6078,77.8
10,0.6758,87.2
10,0.7447,96.9
10,0.8143,106.7
10,0.8828,116.2
10,0.9516,125.8
10,1.0202,135.4
10,1.0889,145.0
10,1.1585,154.8
10,1.2268,164.3
10,1.2959,174.0
10,1.3647,183.7
10,1.4329,193.2
10,1.502,202.9
10,1.5711,212.6
10,1.6392,222.2
10,1.7088,231.8
10,1.7771,241.3
10,1.8449,250.6
10,1.9147,260.2
10,1.9836,269.8
10,2.0515,279.1
10,2.1213,288.7
10,2.1892,298.0
10,2.2577,307.3
10,2.3278,316.8
10,2.396,326.1
10,2.4645,335.3
10,2.5336,344.7
10,2.6022,353.8
10,2.671,363.0
10,2.7403,372.2
10,2.8089,381.2
10,2.8779,390.3
10,2.9461,399.3
10,3.0151,408.4
10,3.0848,417.6
10,3.1529,426.4
10,3.2219,435.3
10,3.2908,444.2
10,3.3589,452.9
10,3.4279,461.8
10,3.4973,470.6
10,3.5652,479.1
10,3.6346,487.8
10,3.7033,496.4
10,3.7707,504.7
10,3.8406,513.4
10,3.9096,521.9
10,3.9775,530.1
10,4.0471,538.6
10,4.1154,546.8
10,4.1836,554.9
10,4.2538,563.3
10,4.3222,571.3
10,4.3905,579.4
10,4.4597,587.5
10,4.5281,595.4
10,4.5968,603.2
10,4.6663,611.2
10,4.7349,619.0
10,4.804,626.7
10,4.8724,634.3
10,4.9411,641.9
10,5.0105,649.5
10,5.0791,656.9
10,5.1476,664.3
10,5.2167,671.5
10,5.2847,678.6
10,5.3536,685.6
10,5.4232,692.6
10,5.4912,699.5
10,5.5604,706.3
10,5.6289,712.8
10,5.6969,719.2
10,5.7662,725.6
10,5.8354,731.9
10,5.9037,738.0
10,5.9728,744.1
10,6.0415,750.1
10,6.1099,755.8
10,6.1796,761.4
10,6.2481,766.8
10,6.317,772.1
10,6.3857,777.1
10,6.4544,782.1
10,6.5234,786.9
10,6.5924,791.5
10,6.6612,796.0
10,6.7301,800.4
10,6.7986,804.5
10,6.8672,808.5
10,6.9367,812.4
10,7.0051,816.0
10,7.0738,819.6
10,7.1426,823.1
10,7.2107,826.3
10,7.2799,829.6
10,7.3488,832.6
10,7.4172,835.4
10,7.4864,838.1
10,7.5544,840.6
10,7.623,842.9
10,7.6923,845.2
10,7.7611,847.2
10,7.8298,849.0
10,7.8991,850.7
10,7.9671,852.1
10,8.0361,853.3
10,8.1058,854.3
10,8.1739,854.9
10,8.2431,855.5
10,8.3118,855.8
10,8.3804,855.8
10,8.4494,855.7
10,8.5186,855.2
10,8.5871,854.4
10,8.6561,853.5
10,8.7243,852.1
10,8.793,850.5
10,8.8626,848.6
11,0.0,0.1
11,0.0588,3.5
11,0.1278,9.7
11,0.1955,17.4
11,0.2627,25.1
11,0.3315,33.4
11,0.3992,41.7
11,0.4674,50.0
11,0.5354,58.5
11,0.6043,67.0
11,0.6727,75.4
11,0.74,83.8
11,0.8084,92.4
11,0.8763,100.9
11,0.9436,109.3
11,1.0124,117.9
11,1.0799,126.3
11,1.1482,134.8
11,1.217,143.4
11,1.2847,151.8
11,1.3525,160.3
11,1.4208,168.9
11,1.4889,177.3
11,1.557,185.8
11,1.6248,194.1
11,1.6936,202.7
11,1.7615,211.2
11,1.829,219.4
11,1.8977,227.9
11,1.9654,236.1
11,2.0329,244.3
11,2.1014,252.7
11,2.1693,261.0
11,2.2381,269.2
11,2.306,277.4
11,2.3745,285.6
11,2.4425,293.8
11,2.5103,301.9
11,2.5785,310.1
11,2.6461,318.0
11,2.7136,326.0
11,2.783,334.2
11,2.8504,342.1
11,2.9182,350.0
11,2.9867,358.0
11,3.0545,365.8
11,3.1229,373.8
11,3.1908,381.7
11,3.2589,389.6
11,3.3279,397.5
11,3.3953,405.2
11,3.4638,412.9
11,3.5314,420.5
11,3.5988,428.0
11,3.6675,435.7
11,3.7351,443.2
11,3.8032,450.7
11,3.872,458.2
11,3.9399,465.6
11,4.0084,472.9
11,4.0761,480.2
11,4.1441,487.4
11,4.2126,494.7
11,4.2799,501.7
11,4.3483,508.9
11,4.4171,515.9
11,4.484,522.7
11,4.5531,529.6
11,4.6205,536.4
11,4.6881,543.1
11,4.7568,550.0
11,4.8246,556.6
11,4.893,563.1
11,4.9616,569.7
11,5.0296,576.2
11,5.0978,582.5
11,5.1653,588.7
11,5.2334,594.8
11,5.3018,600.9
11,5.3687,606.7
11,5.4375,612.7
11,5.5062,618.7
11,5.5737,624.3
11,5.6421,629.9
11,5.7101,635.3
11,5.7783,640.7
11,5.8461,645.9
11,5.9145,651.1
11,5.9825,656.0
11,6.0505,660.7
11,6.1191,665.5
11,6.1867,669.9
11,6.2541,674.3
11,6.3228,678.7
11,6.3904,682.7
11,6.4583,686.7
11,6.5268,690.6
11,6.5953,694.1
11,6.6636,697.7
11,6.7315,701.1
11,6.7997,704.2
11,6.8678,707.3
11,6.935,710.0
11,7.0038,712.9
11,7.0715,715.4
11,7.1394,717.6
11,7.2084,719.9
11,7.2757,721.9
11,7.3438,723.9
11,7.4124,725.9
11,7.48,727.5
11,7.5485,729.2
11,7.6163,730.6
11,7.685,732.0
11,7.7533,733.4
11,7.8207,734.4
11,7.889,735.3
11,7.9566,736.1
11,8.024,736.7
11,8.093,737.4
11,8.1604,737.7
11,8.2289,738.0
11,8.2978,738.4
11,8.3652,738.3
11,8.4335,738.2
11,8.5018,738.0
11,8.5693,737.6
11,8.6378,737.1
11,8.7052,736.2
11,8.7743,735.3
12,0.0,0.0
12,0.0466,2.5
12,0.1049,6.9
12,0.1622,11.8
12,0.2196,17.5
12,0.277,23.6
12,0.3354,29.4
12,0.393,35.5
12,0.4508,41.8
12,0.5086,48.0
12,0.5657,54.1
12,0.6237,60.5
12,0.6819,66.8
12,0.7382,73.0
12,0.7963,79.3
12,0.8541,85.7
12,0.9122,92.1
12,0.9698,98.3
12,1.0277,104.7
12,1.0844,110.9
12,1.1429,117.3
12,1.2005,123.6
12,1.2579,129.8
12,1.3148,136.0
12,1.3732,142.4
12,1.4308,148.7
12,1.4888,155.0
12,1.5471,161.3
12,1.6041,167.4
12,1.6617,173.7
12,1.7198,180.0
12,1.7773,186.2
12,1.8342,192.3
12,1.8928,198.6
12,1.9499,204.7
12,2.0083,211.0
12,2.0657,217.1
12,2.1235,223.2
12,2.1806,229.2
12,2.2389,235.3
12,2.2964,241.4
12,2.3536,247.4
12,2.411,253.4
12,2.4695,259.1
12,2.5267,264.8
12,2.5849,270.6
12,2.6423,276.4
12,2.6999,282.1
12,2.7573,287.9
12,2.8159,293.8
12,2.8726,299.5
12,2.9302,305.0
12,2.9887,310.8
12,3.046,316.4
12,3.1045,322.0
12,3.1615,327.5
12,3.2195,333.1
12,3.2763,338.5
12,3.3351,344.1
12,3.3923,349.5
12,3.4494,354.7
12,3.5074,360.3
12,3.5654,365.6
12,3.623,370.9
12,3.6809,376.2
12,3.7381,381.3
12,3.796,386.6
12,3.8535,391.8
12,3.9118,396.9
12,3.9682,401.8
12,4.0263,406.8
12,4.0842,411.9
12,4.1422,416.9
12,4.1996,421.7
12,4.2578,426.6
12,4.3146,431.3
12,4.3727,436.0
12,4.4307,440.6
12,4.4876,445.0
12,4.5455,449.5
12,4.6036,454.0
12,4.6613,458.4
12,4.7193,462.7
12,4.7768,466.8
12,4.8338,470.9
12,4.8922,474.9
12,4.9497,478.7
12,5.0074,482.4
12,5.0639,486.0
12,5.1227,489.7
12,5.1803,493.1
12,5.238,496.3
12,5.2958,499.4
12,5.3533,502.3
12,5.4105,505.1
12,5.4691,507.8
12,5.5262,510.1
12,5.5836,512.3
12,5.6413,514.5
12,5.6994,516.5
12,5.7567,518.3
12,5.8152,520.1
12,5.8721,521.6
12,5.93,523.1
12,5.9883,524.4
12,6.0458,525.7
12,6.1031,526.7
12,6.1601,527.6
12,6.2191,528.6
12,6.276,529.4
12,6.3343,530.1
12,6.3915,530.7
12,6.4493,531.3
12,6.5067,531.8
12,6.5651,532.2
12,6.6221,532.5
12,6.6794,532.7
12,6.7371,533.0
12,6.7956,533.2
12,6.853,533.3
12,6.9112,533.4
12,6.9681,533.4
12,7.0257,533.3
12,7.0838,533.3
12,7.1417,533.1
12,7.1982,532.8
12,7.2565,532.6
12,7.3141,532.4
12,7.3723,532.1
12,7.4304,531.6
13,0.0,0.0
13,0.0468,4.0
13,0.1064,11.0
13,0.1642,18.7
13,0.2226,26.7
13,0.2823,35.0
13,0.34,43.0
13,0.398,51.1
13,0.4576,59.5
13,0.5161,67.7
13,0.5757,76.2
13,0.6335,84.3
13,0.6922,92.6
13,0.7511,101.0
13,0.8083,109.0
13,0.8669,117.4
13,0.9264,125.9
13,0.985,134.2
13,1.0444,142.6
13,1.1019,150.7
13,1.1609,159.2
13,1.2202,167.6
13,1.2779,175.7
13,1.3363,184.0
13,1.3956,192.4
13,1.4542,200.6
13,1.5128,208.9
13,1.5708,217.1
13,1.6295,225.4
13,1.6889,233.8
13,1.7464,241.8
13,1.8051,250.1
13,1.8642,258.4
13,1.9231,266.7
13,1.9823,274.9
13,2.0401,282.9
13,2.0989,291.1
13,2.1582,299.3
13,2.2158,307.2
13,2.2734,315.2
13,2.3331,323.4
13,2.3917,331.4
13,2.4508,339.5
13,2.5089,347.4
13,2.5675,355.3
13,2.6271,363.4
13,2.6841,371.0
13,2.7433,379.0
13,2.8023,386.8
13,2.8611,394.7
13,2.9202,402.5
13,2.978,410.0
13,3.0361,417.7
13,3.0956,425.5
13,3.153,432.8
13,3.212,440.3
13,3.2707,447.9
13,3.3298,455.5
13,3.3889,463.0
13,3.4466,470.3
13,3.5058,477.8
13,3.5645,485.1
13,3.6221,492.2
13,3.6812,499.5
13,3.7403,506.8
13,3.7987,513.9
13,3.8572,520.9
13,3.9152,527.8
13,3.974,534.8
13,4.0335,541.8
13,4.0911,548.4
13,4.1498,555.2
13,4.2089,562.0
13,4.2678,568.6
13,4.3268,575.2
13,4.3847,581.5
13,4.4434,587.9
13,4.5031,594.3
13,4.5592,600.1
13,4.6186,606.3
13,4.6779,612.4
13,4.7366,618.3
13,4.7956,624.1
13,4.8532,629.5
13,4.9123,635.2
13,4.9714,640.6
13,5.0288,645.7
13,5.0885,651.0
13,5.1468,656.0
13,5.2061,661.0
13,5.2647,665.7
13,5.322,670.1
13,5.3812,674.6
13,5.4399,678.9
13,5.4977,682.9
13,5.5565,686.8
13,5.6159,690.7
13,5.6747,694.2
13,5.7333,697.5
13,5.7913,700.6
13,5.8501,703.6
13,5.9093,706.6
13,5.9672,709.1
13,6.0262,711.7
13,6.0846,714.0
13,6.1431,716.2
13,6.2025,718.4
13,6.2598,720.1
13,6.3191,721.9
13,6.3782,723.7
13,6.4351,724.9
13,6.4951,726.4
13,6.5536,727.7
13,6.6126,728.8
13,6.6713,729.7
13,6.7289,730.4
13,6.7889,731.3
13,6.8464,731.8
13,6.9041,732.1
13,6.9636,732.6
13,7.0222,732.8
13,7.0813,733.0
13,7.1399,732.9
13,7.1978,732.7
13,7.2575,732.6
13,7.3159,732.3
13,7.3736,731.6
13,7.4327,731.2
13,7.4919,730.5
13,7.5506,729.7
14,0.0,0.1
14,0.0466,5.7
14,0.1057,14.1
14,0.1647,22.8
14,0.2224,31.4
14,0.2815,40.3
14,0.3408,49.2
14,0.398,57.9
14,0.457,66.9
14,0.516,75.9
14,0.5752,85.1
14,0.6338,94.1
14,0.6918,103.1
14,0.7511,112.3
14,0.8099,121.4
14,0.8674,130.3
14,0.9265,139.6
14,0.9853,148.7
14,1.0446,157.9
14,1.1031,167.0
14,1.1609,175.9
14,1.2204,185.2
14,1.2791,194.3
14,1.3366,203.1
14,1.3957,212.3
14,1.4545,221.5
14,1.5141,230.6
14,1.5725,239.6
14,1.6304,248.5
14,1.6897,257.7
14,1.7483,266.7
14,1.8061,275.6
14,1.8653,284.8
14,1.924,293.7
14,1.9831,302.8
14,2.0416,311.7
14,2.0996,320.4
14,2.1592,329.5
14,2.2179,338.4
14,2.275,346.9
14,2.3349,356.0
14,2.3934,364.7
14,2.4524,373.6
14,2.5111,382.3
14,2.5682,390.7
14,2.6282,399.6
14,2.686,408.1
14,2.744,416.6
14,2.8037,425.4
14,2.8621,433.9
14,2.9215,442.5
14,2.9794,450.8
14,3.0376,459.1
14,3.0975,467.8
14,3.1553,476.0
14,3.2134,484.0
14,3.2726,492.4
14,3.3314,500.7
14,3.3908,509.0
14,3.4489,517.1
14,3.5072,525.2
14,3.5664,533.4
14,3.6246,541.4
14,3.6829,549.3
14,3.742,557.4
14,3.801,565.4
14,3.8599,573.3
14,3.9182,581.1
14,3.9763,588.8
14,4.0363,596.7
14,4.0941,604.2
14,4.1517,611.6
14,4.2117,619.3
14,4.2698,626.6
14,4.3295,634.2
14,4.3876,641.4
14,4.4456,648.6
14,4.5058,656.0
14,4.5629,662.7
14,4.6213,669.7
14,4.6812,676.8
14,4.7396,683.5
14,4.7986,690.3
14,4.8563,696.7
14,4.915,703.3
14,4.975,709.9
14,5.0323,715.9
14,5.0902,722.0
14,5.1492,728.1
14,5.2083,734.2
14,5.2672,740.0
14,5.3253,745.6
14,5.384,751.2
14,5.4433,756.7
14,5.501,761.8
14,5.5592,766.8
14,5.6189,771.9
14,5.6778,776.7
14,5.7365,781.3
14,5.7946,785.6
14,5.8529,789.8
14,5.9127,794.1
14,5.9705,797.9
14,6.0285,801.6
14,6.0885,805.4
14,6.1464,808.7
14,6.2064,812.3
14,6.2638,815.2
14,6.3226,818.2
14,6.3821,821.2
14,6.4391,823.6
14,6.4985,826.2
14,6.5576,828.6
14,6.6163,830.7
14,6.6753,832.7
14,6.7328,834.3
14,6.7923,835.9
14,6.851,837.1
14,6.9088,838.0
14,6.9677,838.7
14,7.0266,839.2
14,7.0857,839.5
14,7.1446,839.4
14,7.2024,838.9
14,7.2621,838.5
14,7.3202,837.4
14,7.3781,836.0
14,7.437,834.4
14,7.4963,832.5
14,7.5551,830.1
15,0.0022,0.0
15,0.0545,5.2
15,0.1158,13.9
15,0.1739,22.6
15,0.2339,32.2
15,0.2936,41.8
15,0.3541,51.8
15,0.4133,61.6
15,0.4726,71.4
15,0.5331,81.5
15,0.5917,91.2
15,0.6513,101.3
15,0.7118,111.4
15,0.7714,121.4
15,0.8311,131.3
15,0.8908,141.4
15,0.9507,151.4
15,1.0096,161.3
15,1.0694,171.4
15,1.1299,181.5
15,1.1894,191.5
15,1.2489,201.4
15,1.3082,211.3
15,1.3684,221.3
15,1.4269,231.0
15,1.4872,241.2
15,1.5474,251.2
15,1.6074,261.1
15,1.666,270.8
15,1.7267,280.9
15,1.7862,290.7
15,1.845,300.4
15,1.9056,310.5
15,1.9653,320.3
15,2.0256,330.2
15,2.0839,339.7
15,2.1447,349.7
15,2.2034,359.2
15,2.263,368.9
15,2.3229,378.8
15,2.3835,388.6
15,2.4425,398.1
15,2.5021,407.7
15,2.5627,417.5
15,2.6212,426.8
15,2.6811,436.4
15,2.741,446.0
15,2.8015,455.7
15,2.8606,465.0
15,2.9203,474.4
15,2.9802,483.8
15,3.0391,493.0
15,3.0986,502.3
15,3.1592,511.7
15,3.219,520.7
15,3.2782,529.8
15,3.3377,538.9
15,3.3979,548.1
15,3.4568,556.9
15,3.5169,566.1
15,3.5771,575.1
15,3.6369,584.0
15,3.696,592.8
15,3.7559,601.6
15,3.8158,610.3
15,3.8742,618.7
15,3.9353,627.6
15,3.9943,636.1
15,4.0549,644.7
15,4.1134,652.9
15,4.1742,661.4
15,4.2331,669.5
15,4.2919,677.5
15,4.3531,685.9
15,4.4128,693.9
15,4.4726,701.8
15,4.5314,709.5
15,4.5921,717.3
15,4.6507,724.8
15,4.7103,732.3
15,4.7704,739.8
15,4.831,747.2
15,4.8899,754.2
15,4.9491,761.1
15,5.0098,768.2
15,5.0685,774.7
15,5.1289,781.5
15,5.1883,787.9
15,5.2489,794.3
15,5.3077,800.3
15,5.3674,806.2
15,5.4279,812.1
15,5.4863,817.4
15,5.546,822.8
15,5.6064,828.1
15,5.6662,833.2
15,5.7255,837.9
15,5.7849,842.5
15,5.8454,847.2
15,5.9036,851.3
15,5.9646,855.7
15,6.0245,859.8
15,6.0844,863.8
15,6.1432,867.4
15,6.2031,871.1
15,6.2631,874.5
15,6.3216,877.7
15,6.3827,881.0
15,6.4418,883.9
15,6.5022,886.9
15,6.5606,889.3
15,6.6218,892.0
15,6.6804,894.1
15,6.7396,896.1
15,6.8,898.2
15,6.8599,899.9
15,6.9203,901.5
15,6.9783,902.5
15,7.0397,903.7
15,7.0979,904.2
15,7.1575,904.7
15,7.2181,905.1
15,7.278,905.1
15,7.3376,904.7
15,7.3963,903.6
15,7.457,902.5
15,7.5159,900.1
15,7.5749,896.7
15,7.6361,891.1
15,7.6959,874.0
16,0.0,0.0
16,0.0547,3.0
16,0.1221,9.4
16,0.1888,17.1
16,0.2556,25.8
16,0.322,34.5
16,0.3895,43.8
16,0.4552,52.8
16,0.5216,62.1
16,0.5895,71.6
16,0.656,81.0
16,0.7232,90.4
16,0.7894,99.8
16,0.8566,109.3
16,0.9225,118.6
16,0.9891,128.0
16,1.056,137.5
16,1.1229,147.1
16,1.1909,156.7
16,1.2564,166.0
16,1.3238,175.4
16,1.39,184.7
16,1.4563,194.0
16,1.5235,203.6
16,1.5903,212.9
16,1.6571,222.3
16,1.7237,231.5
16,1.7911,240.9
16,1.8573,250.1
16,1.924,259.4
16,1.9908,268.6
16,2.0577,277.8
16,2.1243,286.8
16,2.1903,295.7
16,2.2576,305.0
16,2.3244,314.0
16,2.3916,323.0
16,2.4579,331.9
16,2.5251,340.9
16,2.5916,349.6
16,2.6573,358.2
16,2.725,367.2
16,2.7914,375.9
16,2.8592,384.8
16,2.9256,393.4
16,2.9925,402.0
16,3.0587,410.6
16,3.1247,418.9
16,3.1925,427.6
16,3.2587,435.9
16,3.3258,444.4
16,3.3921,452.8
16,3.4595,461.3
16,3.5262,469.6
16,3.5925,477.7
16,3.6595,485.9
16,3.7263,494.0
16,3.7932,502.2
16,3.8592,510.1
16,3.9264,518.2
16,3.9926,525.8
16,4.0598,533.6
16,4.1268,541.5
16,4.1938,549.2
16,4.2603,556.9
16,4.326,564.1
16,4.3939,572.0
16,4.4599,579.2
16,4.5271,586.7
16,4.5945,594.0
16,4.6609,600.9
16,4.7277,607.9
16,4.7934,614.7
16,4.861,621.8
16,4.9274,628.5
16,4.9944,635.1
16,5.061,641.7
16,5.1275,648.1
16,5.1951,654.4
16,5.2609,660.3
16,5.328,666.1
16,5.3951,671.9
16,5.4618,677.5
16,5.5283,682.7
16,5.5953,688.0
16,5.6611,692.9
16,5.7284,697.6
16,5.7956,702.3
16,5.8624,706.6
16,5.9291,710.9
16,5.995,714.7
16,6.0624,718.5
16,6.1285,722.0
16,6.1955,725.7
16,6.2623,729.1
16,6.3297,732.4
16,6.3968,735.6
16,6.4622,738.4
16,6.5296,741.3
16,6.596,743.9
16,6.6626,746.4
16,6.7299,748.9
16,6.7965,751.2
16,6.8628,753.4
16,6.9294,755.4
16,6.9969,757.6
16,7.0634,759.3
16,7.1304,761.0
16,7.197,762.4
16,7.2641,763.9
16,7.3299,765.0
16,7.3964,766.1
16,7.4641,767.2
16,7.5305,768.0
16,7.598,768.9
16,7.6639,769.5
16,7.7312,770.1
16,7.7972,770.6
16,7.8636,770.9
16,7.9309,771.4
16,7.9976,771.6
16,8.0654,771.8
16,8.131,771.7
16,8.1984,771.7
16,8.2644,771.3
16,8.331,770.9
16,8.3986,770.6
16,8.4648,770.0
16,8.5317,769.5
16,8.5986,768.8
17,0.0,0.3
17,0.0547,7.5
17,0.1182,16.8
17,0.1829,26.7
17,0.2472,36.9
17,0.3111,47.3
17,0.3758,57.8
17,0.4399,68.3
17,0.5043,78.9
17,0.5687,89.5
17,0.6324,100.1
17,0.6974,111.0
17,0.7605,121.5
17,0.8257,132.5
17,0.89,143.2
17,0.954,153.9
17,1.0178,164.5
17,1.0826,175.3
17,1.1467,186.0
17,1.2109,196.7
17,1.2752,207.5
17,1.3397,218.1
17,1.4042,228.9
17,1.4675,239.4
17,1.5328,250.2
17,1.5958,260.6
17,1.6613,271.4
17,1.7251,281.9
17,1.7897,292.4
17,1.853,302.7
17,1.9179,313.2
17,1.9827,323.8
17,2.0465,334.2
17,2.1101,344.3
17,2.1751,354.9
17,2.2395,365.1
17,2.3026,375.1
17,2.3681,385.5
17,2.4313,395.5
17,2.4967,405.8
17,2.5604,415.7
17,2.625,425.9
17,2.6885,435.7
17,2.7531,445.7
17,2.8178,455.8
17,2.882,465.6
17,2.9452,475.2
17,3.0107,485.4
17,3.075,495.2
17,3.1379,504.5
17,3.2031,514.3
17,3.267,524.1
17,3.3321,533.9
17,3.3955,543.2
17,3.4602,552.7
17,3.5238,562.0
17,3.5887,571.6
17,3.6531,581.0
17,3.7173,590.2
17,3.7804,599.1
17,3.8457,608.2
17,3.91,617.2
17,3.9746,626.3
17,4.038,635.1
17,4.1025,644.0
17,4.1674,652.9
17,4.2307,661.3
17,4.2954,670.0
17,4.3595,678.5
17,4.424,687.0
17,4.4882,695.2
17,4.5529,703.6
17,4.6157,711.4
17,4.6811,719.8
17,4.7455,727.7
17,4.8098,735.4
17,4.8733,742.9
17,4.9378,750.3
17,5.0027,757.8
17,5.0664,765.0
17,5.1308,772.0
17,5.1954,778.9
17,5.2593,785.5
17,5.3234,792.1
17,5.3879,798.5
17,5.4512,804.5
17,5.5165,810.7
17,5.5805,816.5
17,5.6455,822.0
17,5.7084,827.3
17,5.7733,832.8
17,5.8381,838.1
17,5.9015,843.0
17,5.9659,847.7
17,6.0306,852.2
17,6.0945,856.6
17,6.159,861.0
17,6.2229,865.1
17,6.2872,869.2
17,6.3519,873.0
17,6.4156,876.6
17,6.4811,880.2
17,6.5439,883.1
17,6.6086,886.2
17,6.6732,889.1
17,6.7374,891.8
17,6.801,894.1
17,6.866,896.5
17,6.93,898.6
17,6.9944,900.5
17,7.0581,902.4
17,7.1232,904.0
17,7.1874,905.4
17,7.2511,906.6
17,7.3159,907.7
17,7.3799,908.6
17,7.4439,909.4
17,7.5081,909.9
17,7.573,910.6
17,7.6362,910.7
17,7.7014,911.0
17,7.7653,911.1
17,7.8301,911.0
17,7.8932,910.6
17,7.9589,910.6
17,8.0228,910.1
17,8.0862,909.4
17,8.151,908.7
17,8.2153,908.0
17,8.2802,907.0
18,0.0,0.0
18,0.043,2.4
18,0.0983,7.9
18,0.1522,13.4
18,0.2066,19.1
18,0.2604,24.7
18,0.3146,30.4
18,0.3689,36.1
18,0.4232,41.8
18,0.4783,47.7
18,0.5326,53.4
18,0.5871,59.2
18,0.641,64.9
18,0.6961,70.8
18,0.7504,76.6
18,0.8049,82.3
18,0.8596,88.2
18,0.9133,93.9
18,0.968,99.7
18,1.0222,105.5
18,1.0762,111.2
18,1.1307,117.1
18,1.1853,122.9
18,1.2398,128.8
18,1.2939,134.6
18,1.3489,140.5
18,1.403,146.3
18,1.4572,152.1
18,1.5115,157.9
18,1.5652,163.6
18,1.6197,169.4
18,1.6739,175.2
18,1.7291,181.0
18,1.7833,186.8
18,1.8377,192.5
18,1.8925,198.3
18,1.9467,204.0
18,2.0012,209.8
18,2.0554,215.4
18,2.1103,221.1
18,2.164,226.7
18,2.2186,232.4
18,2.2733,238.0
18,2.3268,243.4
18,2.3815,248.9
18,2.436,254.4
18,2.4906,260.0
18,2.5446,265.5
18,2.5997,271.1
18,2.6541,276.5
18,2.7077,282.0
18,2.762,287.3
18,2.8158,292.7
18,2.8704,298.0
18,2.9247,303.3
18,2.98,308.7
18,3.0348,314.0
18,3.0884,319.3
18,3.1432,324.8
18,3.1975,330.1
18,3.2518,335.3
18,3.3062,340.5
18,3.3609,345.6
18,3.4153,350.8
18,3.4691,355.9
18,3.5239,361.0
18,3.5775,365.9
18,3.6321,371.1
18,3.6874,376.4
18,3.7413,381.3
18,3.7962,386.2
18,3.8502,391.1
18,3.9048,395.9
18,3.9581,400.6
18,4.0126,405.4
18,4.0671,410.4
18,4.1212,415.2
18,4.1763,420.1
18,4.2305,424.8
18,4.2854,429.5
18,4.3392,434.2
18,4.3938,438.8
18,4.4488,443.4
18,4.5026,447.8
18,4.5574,452.2
18,4.6117,456.6
18,4.666,460.9
18,4.7197,465.0
18,4.7745,469.2
18,4.8287,473.4
18,4.8831,477.6
18,4.938,481.8
18,4.9921,485.7
18,5.0468,489.5
18,5.101,493.1
18,5.1552,496.7
18,5.2093,500.4
18,5.2633,503.8
18,5.3179,507.1
18,5.3719,510.4
18,5.4271,513.6
18,5.4813,516.6
18,5.5358,519.6
18,5.5906,522.6
18,5.6446,525.3
18,5.6995,528.0
18,5.7532,530.6
18,5.8082,533.0
18,5.8623,535.2
18,5.9166,537.3
18,5.9709,539.2
18,6.0252,541.0
18,6.0795,542.5
18,6.1335,543.9
18,6.1889,545.2
18,6.2426,546.2
18,6.2976,547.0
18,6.352,547.6
18,6.4059,548.1
18,6.4598,548.3
18,6.5139,548.4
18,6.5685,548.4
18,6.6227,548.3
18,6.6778,548.1
18,6.7326,547.7
18,6.7866,547.3
18,6.8411,546.7
18,6.8953,546.1
18,6.9501,545.3
18,7.0046,544.5
19,0.0,0.0
19,0.0504,4.3
19,0.1129,12.0
19,0.1765,20.5
19,0.2377,29.9
19,0.3008,40.2
19,0.3641,51.2
19,0.426,62.3
19,0.4901,73.9
19,0.5509,84.9
19,0.6141,96.4
19,0.6775,108.0
19,0.7395,119.3
19,0.8031,130.8
19,0.8642,142.2
19,0.9272,154.0
19,0.991,165.8
19,1.0526,177.2
19,1.1166,189.1
19,1.1776,200.4
19,1.2408,212.1
19,1.304,223.8
19,1.3664,235.4
19,1.4295,246.9
19,1.4913,258.3
19,1.5539,269.8
19,1.6177,281.6
19,1.6794,293.1
19,1.7427,304.6
19,1.8045,315.7
19,1.8676,327.3
19,1.9307,338.8
19,1.9934,350.2
19,2.0552,361.3
19,2.1174,372.4
19,2.1801,383.9
19,2.2432,395.3
19,2.3056,406.5
19,2.3686,417.8
19,2.4308,428.9
19,2.4939,440.0
19,2.5566,451.1
19,2.6193,462.3
19,2.6816,473.0
19,2.7442,484.0
19,2.807,495.0
19,2.8702,506.1
19,2.9325,517.1
19,2.995,528.0
19,3.0574,538.9
19,3.1208,550.0
19,3.183,560.6
19,3.2464,571.7
19,3.3077,582.0
19,3.3713,593.0
19,3.4335,603.6
19,3.4968,614.1
19,3.5596,625.1
19,3.6212,635.2
19,3.6844,645.5
19,3.7472,655.8
19,3.8095,666.1
19,3.8737,676.8
19,3.9341,686.5
19,3.998,696.9
19,4.0596,706.8
19,4.1225,717.1
19,4.186,727.4
19,4.247,736.6
19,4.3103,746.6
19,4.3735,756.5
19,4.4354,765.9
19,4.4999,775.9
19,4.56,784.8
19,4.6239,794.6
19,4.6864,803.9
19,4.7488,812.8
19,4.8127,822.1
19,4.8736,830.6
19,4.9369,839.7
19,5.0001,848.4
19,5.0619,856.5
19,5.1261,864.9
19,5.1865,872.3
19,5.2506,880.4
19,5.3131,888.0
19,5.3757,895.3
19,5.4391,902.5
19,5.5002,909.0
19,5.5637,916.0
19,5.6267,922.5
19,5.6888,928.7
19,5.7526,935.0
19,5.8135,940.5
19,5.8773,946.4
19,5.9396,951.9
19,6.0027,957.4
19,6.0649,962.4
19,6.1263,966.8
19,6.1898,971.5
19,6.2526,975.9
19,6.3147,980.1
19,6.3782,984.4
19,6.4395,988.0
19,6.5033,991.9
19,6.5658,995.4
19,6.6286,998.8
19,6.6913,1002.0
19,6.7533,1004.8
19,6.8165,1007.8
19,6.8793,1010.3
19,6.9417,1012.7
19,7.0045,1014.9
19,7.0665,1016.8
19,7.13,1018.6
19,7.1926,1020.0
19,7.2556,1021.2
19,7.3176,1022.1
19,7.3802,1022.8
19,7.4431,1023.4
19,7.5058,1023.8
19,7.5688,1024.1
19,7.6306,1023.8
19,7.6936,1023.6
19,7.7564,1023.2
19,7.8192,1022.5
19,7.8824,1021.7
19,7.9438,1020.2
19,8.0068,1018.9
19,8.0701,1017.4
20,0.0,0.2
20,0.0518,0.1
20,0.1157,4.9
20,0.1784,11.3
20,0.2418,18.0
20,0.3058,24.2
20,0.3691,31.8
20,0.4318,39.7
20,0.4951,47.9
20,0.5591,56.2
20,0.6217,64.4
20,0.6866,73.0
20,0.748,81.1
20,0.812,89.6
20,0.8755,98.1
20,0.939,106.6
20,1.002,114.9
20,1.0654,123.5
20,1.129,132.0
20,1.1926,140.6
20,1.257,149.2
20,1.3187,157.5
20,1.3825,166.0
20,1.4465,174.6
20,1.5093,183.0
20,1.573,191.5
20,1.6359,199.9
20,1.6991,208.3
20,1.7633,216.8
20,1.8263,225.2
20,1.8891,233.7
20,1.9527,242.1
20,2.0163,250.5
20,2.079,258.8
20,2.1442,267.5
20,2.2049,275.4
20,2.2693,283.9
20,2.3337,292.2
20,2.3968,300.3
20,2.4601,308.5
20,2.5233,316.8
20,2.5867,325.0
20,2.6503,333.2
20,2.714,341.4
20,2.7761,349.1
20,2.8398,357.3
20,2.904,365.5
20,2.9663,373.3
20,3.0308,381.4
20,3.0927,389.1
20,3.1563,397.1
20,3.2206,405.1
20,3.2832,412.9
20,3.3467,420.6
20,3.4098,428.3
20,3.4735,436.0
20,3.5374,443.7
20,3.6019,451.7
20,3.663,459.0
20,3.7278,466.8
20,3.7906,474.2
20,3.8541,481.6
20,3.9178,489.2
20,3.9804,496.6
20,4.044,504.0
20,4.1076,511.4
20,4.1714,518.8
20,4.2337,525.6
20,4.2971,532.9
20,4.3611,540.1
20,4.4239,547.0
20,4.4882,554.1
20,4.55,560.6
20,4.6136,567.5
20,4.6784,574.3
20,4.7414,580.8
20,4.8047,587.4
20,4.8678,593.9
20,4.9316,600.4
20,4.9944,606.4
20,5.0595,612.9
20,5.1204,618.5
20,5.1847,624.5
20,5.2482,630.4
20,5.3113,636.0
20,5.3752,641.6
20,5.4377,646.6
20,5.5013,651.7
20,5.565,656.8
20,5.6283,661.7
20,5.6911,666.1
20,5.7546,670.5
20,5.8182,674.7
20,5.8818,678.5
20,5.9463,682.2
20,6.0079,685.3
20,6.0718,688.7
20,6.1359,691.8
20,6.1983,694.6
20,6.2624,697.4
20,6.325,699.9
20,6.3888,702.2
20,6.452,704.5
20,6.5167,706.8
20,6.5778,708.5
20,6.6424,710.7
20,6.7053,712.4
20,6.7686,713.9
20,6.8328,715.4
20,6.8947,716.6
20,6.9587,718.0
20,7.023,719.2
20,7.0861,720.1
20,7.1491,720.8
20,7.2125,721.6
20,7.2762,722.3
20,7.3394,722.7
20,7.4035,723.3
20,7.4652,723.4
20,7.5293,723.7
20,7.5933,723.9
20,7.6559,723.9
20,7.7198,724.0
20,7.782,723.7
20,7.8463,723.5
20,7.9094,723.1
20,7.9736,722.8
20,8.0354,722.1
20,8.0995,721.6
20,8.1635,721.0
21,0.0,0.3
21,0.0521,7.1
21,0.112,15.6
21,0.1707,23.0
21,0.2298,32.8
21,0.288,42.8
21,0.3467,53.1
21,0.4065,63.6
21,0.4635,73.7
21,0.5223,84.2
21,0.581,94.6
21,0.6404,105.2
21,0.6993,115.8
21,0.7579,126.3
21,0.8172,137.1
21,0.8759,147.8
21,0.9335,158.2
21,0.9928,169.1
21,1.0513,179.8
21,1.1102,190.5
21,1.169,201.2
21,1.227,211.8
21,1.2868,222.7
21,1.3453,233.3
21,1.4028,243.7
21,1.4617,254.4
21,1.5211,265.2
21,1.5807,276.0
21,1.6388,286.6
21,1.6974,297.1
21,1.7569,307.9
21,1.815,318.3
21,1.8726,328.6
21,1.9318,339.4
21,1.9909,349.9
21,2.0495,360.5
21,2.1084,371.0
21,2.1664,381.3
21,2.2263,392.1
21,2.285,402.4
21,2.3424,412.6
21,2.4021,423.3
21,2.4606,433.6
21,2.5199,444.1
21,2.5783,454.3
21,2.6364,464.5
21,2.6967,475.2
21,2.7538,485.0
21,2.8119,495.1
21,2.8714,505.4
21,2.9299,515.5
21,2.9892,525.7
21,3.0476,535.7
21,3.1067,545.9
21,3.1663,556.0
21,3.2234,565.7
21,3.2824,575.6
21,3.3412,585.6
21,3.4002,595.6
21,3.459,605.4
21,3.5172,615.1
21,3.5765,624.9
21,3.6355,634.7
21,3.693,644.1
21,3.7515,653.6
21,3.8113,663.4
21,3.8705,673.0
21,3.9288,682.4
21,3.9873,691.7
21,4.0463,701.2
21,4.1054,710.5
21,4.1627,719.3
21,4.2216,728.4
21,4.281,737.6
21,4.3393,746.4
21,4.3985,755.4
21,4.4565,764.0
21,4.5159,772.8
21,4.5753,781.4
21,4.6323,789.5
21,4.6923,798.1
21,4.7505,806.1
21,4.8096,814.3
21,4.8684,822.3
21,4.9262,829.9
21,4.9867,838.0
21,5.0441,845.3
21,5.102,852.5
21,5.1616,859.9
21,5.2199,866.9
21,5.2791,873.9
21,5.3382,880.7
21,5.3966,887.1
21,5.4565,893.7
21,5.5139,899.6
21,5.5719,905.3
21,5.6313,911.2
21,5.6902,916.7
21,5.7488,922.0
21,5.8074,927.0
21,5.8661,931.8
21,5.9256,936.6
21,5.9833,940.8
21,6.0411,944.9
21,6.1014,949.1
21,6.1605,953.0
21,6.2185,956.5
21,6.2778,960.0
21,6.3358,963.0
21,6.3956,966.2
21,6.453,968.5
21,6.5111,970.7
21,6.5711,973.2
21,6.6292,974.9
21,6.6886,976.6
21,6.7465,977.9
21,6.8052,979.1
21,6.8657,980.2
21,6.9226,980.6
21,6.9819,981.2
21,7.0404,981.4
21,7.0997,981.6
21,7.1585,981.5
21,7.2166,981.0
21,7.2763,980.6
21,7.3345,979.7
21,7.392,978.4
21,7.4511,977.1
21,7.5101,975.6
21,7.5699,973.7
22,0.0,0.1
22,0.0428,3.4
22,0.0967,9.9
22,0.1507,16.9
22,0.2056,24.4
22,0.2598,32.0
22,0.3138,39.6
22,0.3673,47.2
22,0.4213,55.0
22,0.4748,62.7
22,0.5283,70.5
22,0.5824,78.4
22,0.6364,86.4
22,0.6905,94.3
22,0.7446,102.3
22,0.7993,110.4
22,0.8531,118.4
22,0.9071,126.4
22,0.9611,134.4
22,1.0154,142.4
22,1.0691,150.4
22,1.1239,158.5
22,1.1778,166.5
22,1.2316,174.4
22,1.2855,182.4
22,1.3394,190.3
22,1.3928,198.2
22,1.4469,206.1
22,1.501,214.1
22,1.5547,222.0
22,1.609,230.1
22,1.6631,238.1
22,1.7181,246.2
22,1.7716,254.0
22,1.8255,261.9
22,1.8793,269.8
22,1.933,277.6
22,1.9862,285.3
22,2.0404,293.2
22,2.0944,301.1
22,2.1486,309.0
22,2.2028,316.9
22,2.2573,324.9
22,2.3119,332.8
22,2.3656,340.5
22,2.42,348.4
22,2.474,356.1
22,2.5279,363.8
22,2.5821,371.6
22,2.6364,379.4
22,2.6903,387.0
22,2.7441,394.6
22,2.7979,402.3
22,2.8517,409.8
22,2.9052,417.3
22,2.9593,424.9
22,3.0138,432.5
22,3.0673,439.9
22,3.1224,447.6
22,3.1764,455.1
22,3.2302,462.3
22,3.2839,469.7
22,3.3379,477.0
22,3.3917,484.4
22,3.4449,491.5
22,3.499,498.8
22,3.5528,506.0
22,3.6075,513.4
22,3.6613,520.5
22,3.716,527.8
22,3.77,534.9
22,3.8238,541.9
22,3.8775,548.9
22,3.9321,556.0
22,3.9858,562.9
22,4.0402,569.8
22,4.0945,576.7
22,4.148,583.4
22,4.2021,590.2
22,4.2559,596.8
22,4.3098,603.4
22,4.3633,609.9
22,4.4175,616.4
22,4.4714,622.8
22,4.5256,629.1
22,4.58,635.5
22,4.635,641.8
22,4.6893,647.9
22,4.7426,653.8
22,4.7964,659.6
22,4.8503,665.4
22,4.9036,671.0
22,4.9575,676.6
22,5.012,682.1
22,5.0658,687.4
22,5.1201,692.7
22,5.1746,697.9
22,5.2286,702.8
22,5.2824,707.6
22,5.3367,712.3
22,5.3905,716.8
22,5.4445,721.1
22,5.4992,725.4
22,5.5528,729.4
22,5.6069,733.3
22,5.6607,737.0
22,5.7145,740.5
22,5.7682,743.8
22,5.822,746.9
22,5.876,749.8
22,5.9303,752.6
22,5.9842,755.0
22,6.0388,757.3
22,6.0933,759.3
22,6.147,760.9
22,6.2008,762.2
22,6.2546,763.2
22,6.3082,763.9
22,6.3614,764.3
22,6.4156,764.7
22,6.4698,764.7
22,6.5238,764.5
22,6.5783,764.1
22,6.6329,763.6
22,6.6868,762.8
22,6.7406,761.8
22,6.7946,760.6
22,6.8486,759.3
22,6.9027,757.8
22,6.9574,756.2
23,0.0,0.1
23,0.0445,4.0
23,0.1004,11.5
23,0.158,19.8
23,0.214,28.0
23,0.2707,36.5
23,0.3268,44.9
23,0.3829,53.3
23,0.4398,62.0
23,0.4968,70.7
23,0.5527,79.2
23,0.6087,87.8
23,0.6652,96.5
23,0.722,105.2
23,0.7787,113.9
23,0.8361,122.8
23,0.892,131.4
23,0.9486,140.2
23,1.0045,148.9
23,1.061,157.8
23,1.118,166.7
23,1.1747,175.6
23,1.2305,184.3
23,1.2868,193.1
23,1.343,201.9
23,1.4,210.8
23,1.4571,219.7
23,1.5135,228.5
23,1.5701,237.3
23,1.6265,246.0
23,1.6823,254.7
23,1.7397,263.7
23,1.7959,272.4
23,1.8525,281.2
23,1.9085,289.8
23,1.9649,298.5
23,2.0211,307.3
23,2.0782,316.0
23,2.1349,324.7
23,2.1919,333.5
23,2.2483,342.2
23,2.3041,350.7
23,2.3606,359.3
23,2.4173,368.0
23,2.474,376.6
23,2.5305,385.2
23,2.5864,393.6
23,2.6417,401.9
23,2.6995,410.7
23,2.7562,419.2
23,2.813,427.7
23,2.8697,436.2
23,2.9257,444.5
23,2.982,452.8
23,3.0388,461.2
23,3.0944,469.4
23,3.1526,478.0
23,3.2084,485.8
23,3.2638,493.8
23,3.3203,502.1
23,3.3778,510.4
23,3.434,518.4
23,3.4911,526.6
23,3.5474,534.6
23,3.6037,542.6
23,3.6602,550.5
23,3.7166,558.4
23,3.7731,566.2
23,3.8301,574.1
23,3.8856,581.7
23,3.9422,589.5
23,3.9982,597.1
23,4.0555,604.8
23,4.1124,612.5
23,4.1692,620.0
23,4.225,627.4
23,4.2819,634.8
23,4.338,642.0
23,4.3944,649.3
23,4.4517,656.6
23,4.5078,663.6
23,4.5639,670.5
23,4.62,677.3
23,4.6762,684.1
23,4.7336,691.0
23,4.7902,697.6
23,4.8471,704.2
23,4.9033,710.6
23,4.9598,716.9
23,5.0156,723.0
23,5.072,729.1
23,5.1295,735.2
23,5.1859,741.0
23,5.2417,746.5
23,5.2974,751.9
23,5.3549,757.5
23,5.4117,762.7
23,5.4681,767.8
23,5.5246,772.8
23,5.5812,777.5
23,5.6375,782.0
23,5.6938,786.4
23,5.7501,790.6
23,5.8072,794.7
23,5.8637,798.6
23,5.9199,802.2
23,5.9752,805.5
23,6.0332,809.1
23,6.0896,812.2
23,6.1466,815.3
23,6.2024,818.0
23,6.2591,820.6
23,6.3154,823.0
23,6.3717,825.2
23,6.4279,827.2
23,6.4858,829.1
23,6.5418,830.4
23,6.5972,831.4
23,6.654,832.4
23,6.711,833.2
23,6.7678,833.6
23,6.8244,833.7
23,6.8806,833.5
23,6.9373,833.0
23,6.9933,832.1
23,7.0498,830.7
23,7.1065,829.0
23,7.1636,826.6
23,7.2193,822.7
23,7.2752,817.1
24,0.0,0.1
24,0.0468,2.7
24,0.1063,9.8
24,0.1647,18.6
24,0.2249,28.1
24,0.2841,37.5
24,0.3443,47.1
24,0.4027,56.5
24,0.4621,66.2
24,0.5221,76.0
24,0.5801,85.6
24,0.6396,95.4
24,0.6986,105.1
24,0.7584,115.1
24,0.8178,124.9
24,0.8767,134.8
24,0.9369,144.9
24,0.9951,154.5
24,1.0542,164.4
24,1.1141,174.4
24,1.174,184.3
24,1.233,194.1
24,1.291,203.7
24,1.3513,213.8
24,1.4101,223.6
24,1.469,233.3
24,1.5287,243.3
24,1.5887,253.2
24,1.6479,263.0
24,1.7065,272.6
24,1.7664,282.6
24,1.8259,292.4
24,1.8842,301.9
24,1.9433,311.6
24,2.0029,321.5
24,2.0626,331.2
24,2.1214,340.8
24,2.1809,350.5
24,2.2406,360.3
24,2.299,369.7
24,2.3585,379.4
24,2.4183,389.0
24,2.478,398.6
24,2.5369,408.1
24,2.595,417.3
24,2.6552,427.0
24,2.7139,436.2
24,2.7728,445.5
24,2.833,455.1
24,2.8924,464.4
24,2.9517,473.6
24,3.0108,482.8
24,3.0702,492.1
24,3.1296,501.2
24,3.1875,510.1
24,3.2473,519.3
24,3.3073,528.3
24,3.3666,537.4
24,3.4255,546.2
24,3.4847,555.1
24,3.5444,564.1
24,3.603,572.7
24,3.6627,581.6
24,3.7224,590.4
24,3.7818,599.0
24,3.8402,607.5
24,3.899,615.9
24,3.9597,624.6
24,4.0178,632.8
24,4.0772,641.1
24,4.1372,649.5
24,4.1964,657.6
24,4.2558,665.7
24,4.3145,673.5
24,4.3748,681.6
24,4.4332,689.2
24,4.4912,696.6
24,4.5518,704.4
24,4.6111,711.8
24,4.6707,719.1
24,4.7291,726.1
24,4.7895,733.4
24,4.8484,740.2
24,4.9064,746.6
24,4.9673,753.6
24,5.0264,760.0
24,5.0859,766.3
24,5.1439,772.2
24,5.2038,778.2
24,5.2633,783.9
24,5.3212,789.2
24,5.3817,794.7
24,5.4408,799.8
24,5.5011,804.9
24,5.5593,809.4
24,5.6191,814.0
24,5.6787,818.4
24,5.7357,822.0
24,5.7963,826.1
24,5.8554,829.6
24,5.9155,833.2
24,5.9745,836.4
24,6.0331,839.2
24,6.0939,842.3
24,6.1514,844.6
24,6.2112,847.2
24,6.271,849.6
24,6.3306,851.7
24,6.3892,853.7
24,6.4477,855.3
24,6.5083,857.3
24,6.5665,858.5
24,6.6258,859.8
24,6.6857,861.1
24,6.7453,862.2
24,6.8047,863.0
24,6.863,863.5
24,6.9234,864.2
24,6.9819,864.5
24,7.04,864.6
24,7.1009,865.0
24,7.1594,864.9
24,7.2198,864.9
24,7.2777,864.3
24,7.3375,863.9
24,7.3972,863.4
24,7.4556,862.5
24,7.5159,861.7
24,7.5747,860.5
24,7.6347,859.3
25,0.0,0.0
25,0.0452,3.1
25,0.1042,9.2
25,0.1614,15.4
25,0.2186,21.6
25,0.2775,28.0
25,0.3354,34.3
25,0.3942,40.8
25,0.4518,47.3
25,0.5099,54.0
25,0.5684,60.7
25,0.6264,67.4
25,0.6842,74.1
25,0.7415,80.8
25,0.8,87.7
25,0.8584,94.5
25,0.9163,101.3
25,0.9748,108.1
25,1.0326,114.8
25,1.0909,121.7
25,1.1495,128.5
25,1.2059,135.0
25,1.2648,141.9
25,1.323,148.7
25,1.3811,155.4
25,1.4393,162.2
25,1.4975,168.9
25,1.5553,175.6
25,1.6139,182.4
25,1.6717,189.1
25,1.7286,195.6
25,1.7874,202.4
25,1.8456,209.1
25,1.9038,215.7
25,1.9621,222.4
25,2.0201,228.9
25,2.0781,235.5
25,2.1369,242.2
25,2.1941,248.6
25,2.2511,255.0
25,2.3101,261.7
25,2.3683,268.2
25,2.4268,274.8
25,2.4853,281.3
25,2.5424,287.6
25,2.6013,294.2
25,2.6591,300.5
25,2.7163,306.8
25,2.7744,313.2
25,2.8328,319.6
25,2.8912,325.9
25,2.9493,332.2
25,3.0074,338.4
25,3.0654,344.6
25,3.1235,350.8
25,3.1818,356.9
25,3.2389,362.9
25,3.2969,369.0
25,3.3558,375.1
25,3.4134,381.1
25,3.4723,387.2
25,3.5302,393.0
25,3.5879,398.9
25,3.647,404.8
25,3.7038,410.4
25,3.7614,416.2
25,3.8203,422.0
25,3.8781,427.7
25,3.9366,433.4
25,3.9952,439.0
25,4.0527,444.5
25,4.1111,450.0
25,4.1694,455.5
25,4.2263,460.7
25,4.2844,466.0
25,4.3428,471.3
25,4.401,476.5
25,4.459,481.7
25,4.5178,486.7
25,4.5753,491.7
25,4.6341,496.7
25,4.6918,501.4
25,4.7486,505.9
25,4.8072,510.7
25,4.8658,515.2
25,4.9236,519.6
25,4.9829,524.0
25,5.0399,528.0
25,5.098,532.1
25,5.1568,536.2
25,5.2141,539.9
25,5.2714,543.4
25,5.3302,547.0
25,5.3886,550.4
25,5.4466,553.5
25,5.5051,556.5
25,5.5627,559.3
25,5.6205,562.0
25,5.6799,564.7
25,5.7366,566.9
25,5.7936,569.0
25,5.8532,571.2
25,5.9106,573.0
25,5.9696,574.9
25,6.0278,576.5
25,6.0849,577.8
25,6.1444,579.3
25,6.2015,580.4
25,6.2589,581.5
25,6.3173,582.6
25,6.3755,583.6
25,6.4337,584.5
25,6.4923,585.3
25,6.5501,585.9
25,6.6079,586.5
25,6.6667,587.2
25,6.724,587.6
25,6.7814,587.9
25,6.8401,588.3
25,6.8985,588.6
25,6.9563,588.6
25,7.0154,588.7
25,7.0728,588.5
25,7.1306,588.4
25,7.1898,588.3
25,7.2464,587.8
25,7.3039,587.4
25,7.3633,587.1
25,7.4209,586.5
25,7.4801,586.0
26,0.0,0.1
26,0.044,3.6
26,0.099,9.7
26,0.1543,16.6
26,0.2088,23.8
26,0.2626,30.9
26,0.3184,38.3
26,0.3731,45.6
26,0.4287,53.0
26,0.4837,60.3
26,0.5382,67.6
26,0.5929,74.9
26,0.6472,82.1
26,0.7019,89.4
26,0.7572,96.8
26,0.812,104.1
26,0.8681,111.6
26,0.9223,118.9
26,0.9771,126.2
26,1.0329,133.7
26,1.0875,141.0
26,1.1422,148.4
26,1.1977,155.8
26,1.2518,163.0
26,1.3064,170.3
26,1.3617,177.7
26,1.4167,185.1
26,1.472,192.6
26,1.5272,199.9
26,1.582,207.2
26,1.6356,214.4
26,1.6905,221.8
26,1.7456,229.1
26,1.8009,236.5
26,1.8559,243.8
26,1.9111,251.2
26,1.9657,258.4
26,2.0213,265.8
26,2.0766,273.1
26,2.131,280.2
26,2.1862,287.5
26,2.2406,294.7
26,2.2949,301.8
26,2.3498,309.0
26,2.4051,316.2
26,2.461,323.5
26,2.5155,330.6
26,2.5703,337.7
26,2.625,344.7
26,2.6789,351.6
26,2.7336,358.6
26,2.7894,365.8
26,2.8444,372.8
26,2.9,379.8
26,2.9545,386.7
26,3.0089,393.5
26,3.065,400.6
26,3.1196,407.4
26,3.1748,414.2
26,3.2292,420.9
26,3.2838,427.6
26,3.3386,434.3
26,3.3936,440.8
26,3.4487,447.5
26,3.5046,454.3
26,3.559,460.8
26,3.6137,467.3
26,3.6682,473.8
26,3.7221,480.1
26,3.778,486.8
26,3.833,493.2
26,3.8876,499.5
26,3.9431,506.0
26,3.9978,512.3
26,4.0531,518.5
26,4.1083,524.8
26,4.1632,531.0
26,4.2179,537.0
26,4.2724,543.0
26,4.3274,549.0
26,4.3823,555.0
26,4.4371,560.9
26,4.4934,567.0
26,4.5476,572.7
26,4.6021,578.3
26,4.6568,583.9
26,4.711,589.4
26,4.7662,595.0
26,4.8215,600.5
26,4.877,606.0
26,4.9318,611.2
26,4.9865,616.3
26,5.0414,621.4
26,5.0968,626.4
26,5.1515,631.2
26,5.2068,636.0
26,5.261,640.4
26,5.3153,644.8
26,5.371,649.2
26,5.4255,653.3
26,5.4809,657.3
26,5.5368,661.3
26,5.5909,664.8
26,5.6455,668.2
26,5.6999,671.5
26,5.7544,674.6
26,5.8096,677.5
26,5.8653,680.5
26,5.9207,683.1
26,5.9751,685.4
26,6.03,687.5
26,6.0855,689.4
26,6.1398,690.9
26,6.1955,692.5
26,6.25,693.6
26,6.3041,694.5
26,6.3595,695.3
26,6.4141,696.0
26,6.469,696.5
26,6.5253,696.9
26,6.5799,697.1
26,6.6336,696.9
26,6.6887,696.8
26,6.7427,696.5
26,6.7986,696.2
26,6.8535,695.8
26,6.9089,695.3
26,6.9639,694.6
26,7.0184,693.9
26,7.074,693.0
27,0.0,0.1
27,0.0488,0.1
27,0.1086,6.7
27,0.1689,14.4
27,0.2286,22.5
27,0.2878,30.9
27,0.3472,40.2
27,0.4077,49.9
27,0.4662,59.4
27,0.5261,69.4
27,0.5852,79.3
27,0.6464,89.8
27,0.705,99.9
27,0.7648,110.2
27,0.8247,120.6
27,0.8826,130.6
27,0.9437,141.4
27,1.0028,151.6
27,1.063,162.1
27,1.1222,172.4
27,1.1812,182.8
27,1.2424,193.5
27,1.2999,203.5
27,1.3606,214.2
27,1.4202,224.6
27,1.4802,235.1
27,1.5393,245.3
27,1.5988,255.7
27,1.6589,266.2
27,1.7171,276.2
27,1.7777,286.8
27,1.8374,297.1
27,1.8977,307.6
27,1.9562,317.6
27,2.0159,327.9
27,2.0764,338.3
27,2.1338,348.1
27,2.1952,358.7
27,2.2542,368.7
27,2.3147,379.1
27,2.3733,389.0
27,2.4327,399.1
27,2.4935,409.5
27,2.5511,419.1
27,2.6125,429.6
27,2.6716,439.5
27,2.7314,449.6
27,2.7905,459.4
27,2.8505,469.4
27,2.9101,479.3
27,2.9686,488.9
27,3.0291,498.9
27,3.0888,508.7
27,3.149,518.6
27,3.2073,528.0
27,3.2679,537.5
27,3.3272,547.1
27,3.3856,556.4
27,3.4466,566.2
27,3.5054,575.5
27,3.5661,585.1
27,3.6246,594.3
27,3.6852,603.8
27,3.7445,613.0
27,3.8024,621.8
27,3.8639,631.4
27,3.9228,640.4
27,3.9831,649.6
27,4.0417,658.3
27,4.1025,667.5
27,4.1616,676.2
27,4.2199,684.8
27,4.2805,693.8
27,4.3401,702.4
27,4.4002,711.1
27,4.4594,719.6
27,4.5194,728.1
27,4.5783,736.3
27,4.6373,744.4
27,4.6976,752.7
27,4.7576,760.8
27,4.8174,768.8
27,4.8759,776.4
27,4.9369,784.4
27,4.9957,791.7
27,5.054,798.9
27,5.1152,806.3
27,5.1744,813.3
27,5.2344,820.2
27,5.2932,826.8
27,5.3539,833.5
27,5.4126,839.6
27,5.4717,845.7
27,5.5323,851.8
27,5.5917,857.6
27,5.6515,863.2
27,5.7103,868.4
27,5.7714,873.9
27,5.8293,878.6
27,5.8888,883.4
27,5.9495,888.3
27,6.0089,892.6
27,6.0686,897.0
27,6.1271,900.8
27,6.1884,905.0
27,6.2466,908.3
27,6.3064,911.8
27,6.3667,915.2
27,6.4258,918.2
27,6.4857,921.1
27,6.5443,923.6
27,6.6056,926.3
27,6.6637,928.3
27,6.7232,930.3
27,6.7837,932.1
27,6.8431,933.5
27,6.9023,934.7
27,6.9618,935.6
27,7.0224,936.5
27,7.0812,936.8
27,7.1405,937.1
27,7.2005,937.3
27,7.2606,937.2
27,7.3196,936.8
27,7.3792,936.2
27,7.4395,935.5
27,7.4978,934.2
27,7.5582,932.8
27,7.6179,931.1
27,7.678,928.8
28,0.0,0.1
28,0.0443,5.4
28,0.1001,13.9
28,0.1562,22.9
28,0.2132,32.1
28,0.2702,41.4
28,0.3272,50.9
28,0.3839,60.5
28,0.4408,70.2
28,0.4977,79.9
28,0.5533,89.6
28,0.6103,99.5
28,0.6678,109.5
28,0.7238,119.1
28,0.7797,128.7
28,0.8364,138.6
28,0.8935,148.5
28,0.9503,158.4
28,1.0071,168.2
28,1.064,178.1
28,1.1211,188.0
28,1.1769,197.6
28,1.2331,207.4
28,1.2912,217.6
28,1.3473,227.3
28,1.4034,237.1
28,1.4595,246.8
28,1.5164,256.7
28,1.5738,266.7
28,1.6304,276.5
28,1.6872,286.3
28,1.7445,296.2
28,1.8005,305.9
28,1.8562,315.5
28,1.9141,325.5
28,1.9709,335.3
28,2.027,344.9
28,2.0828,354.4
28,2.1398,364.2
28,2.197,374.1
28,2.2536,383.7
28,2.3106,393.3
28,2.3676,403.0
28,2.424,412.6
28,2.4793,421.9
28,2.5362,431.4
28,2.5935,441.1
28,2.6498,450.6
28,2.7059,459.9
28,2.7622,469.2
28,2.8195,478.8
28,2.8765,488.3
28,2.9329,497.5
28,2.9903,507.1
28,3.0468,516.3
28,3.1028,525.4
28,3.1593,534.5
28,3.2167,543.7
28,3.2733,552.8
28,3.3296,561.9
28,3.3858,570.8
28,3.4425,579.8
28,3.5,589.0
28,3.5561,597.8
28,3.6137,606.9
28,3.6701,615.7
28,3.7263,624.4
28,3.7827,633.1
28,3.8399,642.0
28,3.8965,650.7
28,3.9535,659.3
28,4.0093,667.6
28,4.0653,676.0
28,4.1232,684.6
28,4.1796,693.0
28,4.2365,701.3
28,4.2937,709.6
28,4.3497,717.6
28,4.406,725.6
28,4.4628,733.5
28,4.52,741.5
28,4.577,749.4
28,4.6328,756.9
28,4.6888,764.3
28,4.746,771.9
28,4.8037,779.4
28,4.8598,786.4
28,4.9161,793.4
28,4.9725,800.3
28,5.029,807.0
28,5.0853,813.5
28,5.1421,819.9
28,5.2001,826.4
28,5.2559,832.2
28,5.3115,837.8
28,5.3686,843.5
28,5.426,849.0
28,5.4823,854.1
28,5.5393,859.1
28,5.5959,863.9
28,5.6526,868.5
28,5.7087,872.8
28,5.7649,876.9
28,5.8231,881.2
28,5.8797,885.0
28,5.935,888.3
28,5.9915,891.7
28,6.0491,895.0
28,6.106,897.9
28,6.1625,900.4
28,6.2194,902.9
28,6.2761,905.1
28,6.3323,907.0
28,6.3883,908.6
28,6.4459,910.4
28,6.5031,911.8
28,6.5586,912.7
28,6.615,913.6
28,6.6718,914.4
28,6.7292,915.1
28,6.7859,915.3
28,6.8426,915.4
28,6.8994,915.1
28,6.9558,914.5
28,7.012,913.4
28,7.0687,911.9
28,7.1266,910.1
28,7.1825,906.8
28,7.2383,901.9
28,7.295,892.8
29,0.0,0.1
29,0.0445,4.7
29,0.104,13.2
29,0.1627,22.0
29,0.2218,31.2
29,0.2803,40.3
29,0.3382,49.4
29,0.3984,58.9
29,0.456,67.9
29,0.5131,77.0
29,0.5728,86.6
29,0.6313,96.0
29,0.6905,105.6
29,0.7487,115.0
29,0.8071,124.5
29,0.8668,134.3
29,0.9243,143.6
29,0.982,153.0
29,1.0414,162.8
29,1.1001,172.4
29,1.1594,182.1
29,1.2175,191.5
29,1.2759,201.0
29,1.3352,210.7
29,1.3933,220.2
29,1.4506,229.4
29,1.51,239.2
29,1.5692,248.9
29,1.6278,258.4
29,1.6861,267.8
29,1.7444,277.2
29,1.8038,286.9
29,1.8621,296.3
29,1.9195,305.6
29,1.9786,315.2
29,2.0374,324.7
29,2.0965,334.2
29,2.155,343.5
29,2.2129,352.7
29,2.2727,362.3
29,2.3308,371.5
29,2.3879,380.5
29,2.4477,390.0
29,2.5061,399.2
29,2.5654,408.6
29,2.6235,417.6
29,2.6816,426.7
29,2.7415,436.1
29,2.7991,444.9
29,2.8565,453.8
29,2.9162,463.1
29,2.9749,472.1
29,3.0338,481.2
29,3.0922,490.0
29,3.1505,498.7
29,3.2101,507.7
29,3.268,516.4
29,3.3253,525.0
29,3.3848,533.9
29,3.4436,542.7
29,3.5026,551.4
29,3.5607,559.9
29,3.6191,568.4
29,3.6784,577.0
29,3.7368,585.4
29,3.7939,593.5
29,3.8532,602.0
29,3.9124,610.4
29,3.971,618.6
29,4.0295,626.7
29,4.0877,634.6
29,4.1472,642.8
29,4.2056,650.7
29,4.2622,658.1
29,4.3223,666.1
29,4.3808,673.7
29,4.4399,681.3
29,4.4983,688.7
29,4.5561,695.8
29,4.6159,703.2
29,4.674,710.1
29,4.7312,716.8
29,4.7911,723.9
29,4.8495,730.4
29,4.9088,737.1
29,4.9666,743.2
29,5.025,749.3
29,5.0848,755.5
29,5.1427,761.2
29,5.2,766.6
29,5.2594,772.1
29,5.3186,777.4
29,5.3771,782.3
29,5.4354,787.0
29,5.494,791.5
29,5.5527,795.8
29,5.6116,800.0
29,5.6687,803.6
29,5.728,807.5
29,5.7872,811.1
29,5.8457,814.4
29,5.9044,817.5
29,5.9621,820.4
29,6.022,823.4
29,6.0803,826.0
29,6.1369,828.2
29,6.1971,830.8
29,6.2555,832.9
29,6.3148,835.1
29,6.3729,836.8
29,6.4309,838.4
29,6.4908,840.2
29,6.5486,841.4
29,6.6061,842.5
29,6.6656,843.8
29,6.7243,844.7
29,6.7832,845.6
29,6.8414,846.2
29,6.8999,846.7
29,6.9594,847.2
29,7.0175,847.3
29,7.0747,847.3
29,7.1339,847.3
29,7.1932,847.3
29,7.2517,846.9
29,7.31,846.4
29,7.3684,845.8
29,7.4276,845.2
29,7.4863,844.3
29,7.544,843.0
30,0.0073,0.1
30,0.0509,2.5
30,0.1014,7.7
30,0.1516,14.6
30,0.2017,22.1
30,0.2522,29.9
30,0.3017,37.6
30,0.3524,45.7
30,0.4017,53.5
30,0.4517,61.5
30,0.5019,69.6
30,0.5525,77.8
30,0.6023,85.9
30,0.6525,94.0
30,0.7031,102.3
30,0.7532,110.5
30,0.803,118.6
30,0.8532,126.9
30,0.9025,134.9
30,0.9527,143.2
30,1.0026,151.4
30,1.0535,159.9
30,1.1033,168.1
30,1.153,176.2
30,1.2024,184.3
30,1.2527,192.6
30,1.3027,200.8
30,1.3532,209.1
30,1.4035,217.4
30,1.4542,225.8
30,1.505,234.2
30,1.5551,242.4
30,1.6043,250.5
30,1.654,258.6
30,1.7043,266.8
30,1.7544,275.0
30,1.8044,283.2
30,1.8548,291.4
30,1.9047,299.6
30,1.9551,307.8
30,2.0055,316.1
30,2.0564,324.3
30,2.1058,332.3
30,2.1556,340.3
30,2.2053,348.3
30,2.2554,356.4
30,2.3053,364.5
30,2.3557,372.6
30,2.4059,380.6
30,2.4558,388.6
30,2.5057,396.5
30,2.5555,404.4
30,2.6053,412.3
30,2.6552,420.3
30,2.7058,428.3
30,2.757,436.4
30,2.8074,444.4
30,2.8576,452.3
30,2.907,460.0
30,2.9567,467.8
30,3.0064,475.5
30,3.0567,483.3
30,3.1069,491.1
30,3.1573,498.9
30,3.2074,506.4
30,3.2578,514.2
30,3.308,521.9
30,3.3582,529.6
30,3.4082,537.2
30,3.4584,544.8
30,3.5083,552.4
30,3.5582,559.9
30,3.608,567.3
30,3.6583,574.9
30,3.7079,582.2
30,3.759,589.8
30,3.8084,597.0
30,3.8579,604.3
30,3.9075,611.5
30,3.9581,618.9
30,4.0084,626.1
30,4.0591,633.4
30,4.1096,640.6
30,4.16,647.7
30,4.2098,654.7
30,4.2598,661.7
30,4.3091,668.5
30,4.359,675.3
30,4.4088,682.1
30,4.4599,689.1
30,4.51,695.8
30,4.5604,702.5
30,4.6105,709.1
30,4.6606,715.6
30,4.7106,722.1
30,4.7605,728.4
30,4.8108,734.7
30,4.8608,740.9
30,4.9107,747.0
30,4.9609,753.1
30,5.0111,759.1
30,5.0612,764.9
30,5.1108,770.6
30,5.1603,776.1
30,5.2105,781.7
30,5.2606,787.1
30,5.3111,792.5
30,5.3613,797.7
30,5.4116,802.8
30,5.4628,807.8
30,5.513,812.6
30,5.563,817.2
30,5.6115,821.4
30,5.6618,825.6
30,5.7117,829.7
30,5.7619,833.6
30,5.8126,837.4
30,5.8627,841.0
30,5.913,844.3
30,5.9634,847.6
30,6.0134,850.5
30,6.0631,853.3
30,6.1124,855.8
30,6.1636,858.2
30,6.2137,860.4
30,6.2637,862.3
30,6.3137,863.9
30,6.3634,864.9
30,6.4128,864.8
30,6.4522,212.7
31,0.0,0.0
31,0.0494,3.1
31,0.1071,7.7
31,0.1629,13.3
31,0.2187,19.3
31,0.2763,26.1
31,0.3333,33.8
31,0.3899,41.9
31,0.4469,50.3
31,0.504,58.6
31,0.5607,67.0
31,0.6171,75.4
31,0.6749,84.0
31,0.7317,92.4
31,0.7881,100.8
31,0.844,109.1
31,0.9007,117.6
31,0.9583,126.2
31,1.0143,134.6
31,1.0725,143.4
31,1.1292,151.8
31,1.1856,160.3
31,1.2419,168.7
31,1.2993,177.3
31,1.357,186.0
31,1.4128,194.2
31,1.4689,202.6
31,1.5253,211.1
31,1.5838,219.8
31,1.6397,228.1
31,1.6971,236.7
31,1.7538,245.1
31,1.8102,253.4
31,1.8673,261.9
31,1.9246,270.4
31,1.9818,278.8
31,2.0376,286.9
31,2.0942,294.9
31,2.1506,302.7
31,2.2082,311.2
31,2.2646,319.4
31,2.3214,327.5
31,2.3793,335.8
31,2.4353,343.6
31,2.4917,351.5
31,2.5491,359.8
31,2.6063,368.0
31,2.6629,375.9
31,2.7187,383.8
31,2.7755,392.1
31,2.8329,400.1
31,2.89,407.7
31,2.9466,415.8
31,3.0039,423.6
31,3.0601,431.1
31,3.1164,438.9
31,3.1751,447.0
31,3.2313,454.6
31,3.2877,462.1
31,3.3434,469.3
31,3.4007,477.2
31,3.4586,485.0
31,3.5144,492.3
31,3.5717,500.0
31,3.6285,507.6
31,3.6856,514.9
31,3.7419,522.3
31,3.7995,529.8
31,3.8567,537.1
31,3.9123,544.1
31,3.9689,551.1
31,4.0252,558.4
31,4.0833,565.9
31,4.1391,572.7
31,4.1972,579.8
31,4.254,586.8
31,4.3102,593.6
31,4.3665,600.1
31,4.4239,606.8
31,4.4817,613.7
31,4.5376,620.2
31,4.5934,626.4
31,4.6499,632.6
31,4.7084,639.1
31,4.7646,645.3
31,4.8215,651.5
31,4.8788,657.5
31,4.9349,663.0
31,4.992,668.7
31,5.0492,674.3
31,5.1063,679.8
31,5.1626,685.0
31,5.218,689.9
31,5.2753,695.0
31,5.333,700.0
31,5.3893,704.5
31,5.4463,708.9
31,5.5039,713.2
31,5.5601,717.1
31,5.6164,721.1
31,5.6741,725.1
31,5.731,728.7
31,5.7878,731.9
31,5.8433,734.8
31,5.9,737.6
31,5.9577,740.6
31,6.0144,742.9
31,6.0717,745.2
31,6.1285,747.2
31,6.1849,749.0
31,6.2411,750.6
31,6.2994,752.3
31,6.3563,753.7
31,6.4123,754.8
31,6.4681,755.6
31,6.5245,756.3
31,6.5831,757.2
31,6.6391,757.8
31,6.6963,758.3
31,6.7531,758.7
31,6.81,758.8
31,6.8666,758.8
31,6.924,758.5
31,6.9812,758.3
31,7.0371,757.8
31,7.0933,757.1
31,7.1499,756.3
31,7.2078,755.6
31,7.2635,754.2
31,7.3217,752.7
32,0.0,0.0
32,0.0522,4.0
32,0.1158,12.7
32,0.1807,20.7
32,0.2444,29.5
32,0.309,39.5
32,0.3719,49.6
32,0.4361,60.0
32,0.5008,70.6
32,0.5656,81.3
32,0.6283,91.6
32,0.6928,102.2
32,0.7574,113.0
32,0.821,123.6
32,0.8851,134.3
32,0.9488,145.1
32,1.0135,156.0
32,1.0769,166.6
32,1.1424,177.8
32,1.2053,188.3
32,1.2692,199.0
32,1.3343,209.9
32,1.3981,220.7
32,1.4613,231.1
32,1.5255,241.9
32,1.59,252.8
32,1.6541,263.4
32,1.7186,274.1
32,1.782,284.8
32,1.8468,295.6
32,1.9102,306.1
32,1.9751,316.9
32,2.0378,327.3
32,2.1021,337.9
32,2.1667,348.6
32,2.2318,359.2
32,2.2945,369.4
32,2.3587,380.0
32,2.4238,390.6
32,2.4865,401.0
32,2.5513,411.5
32,2.6149,421.9
32,2.6794,432.3
32,2.7436,442.7
32,2.8086,453.2
32,2.871,463.1
32,2.9354,473.4
32,3.0002,483.7
32,3.064,493.6
32,3.1273,503.6
32,3.1915,513.7
32,3.2561,523.9
32,3.3203,533.9
32,3.3847,543.9
32,3.448,553.7
32,3.5127,563.7
32,3.5762,573.6
32,3.6413,583.5
32,3.7037,592.9
32,3.768,602.7
32,3.833,612.6
32,3.8974,622.1
32,3.9605,631.4
32,4.0252,641.0
32,4.0894,650.4
32,4.1528,659.6
32,4.2176,669.1
32,4.2805,678.1
32,4.3453,687.2
32,4.4097,696.2
32,4.4746,705.3
32,4.537,714.0
32,4.6013,722.9
32,4.6659,731.7
32,4.73,740.2
32,4.7933,748.5
32,4.8577,756.8
32,4.9222,765.2
32,4.986,773.2
32,5.0509,781.3
32,5.1141,789.0
32,5.1784,796.6
32,5.2423,804.2
32,5.3073,811.9
32,5.3696,819.0
32,5.4342,826.2
32,5.4995,833.4
32,5.5632,840.1
32,5.6266,846.3
32,5.6909,852.8
32,5.7554,859.1
32,5.8187,864.9
32,5.8837,870.9
32,5.9465,876.3
32,6.0113,881.7
32,6.0756,886.8
32,6.1408,892.1
32,6.203,896.6
32,6.2673,901.2
32,6.3325,905.9
32,6.3957,909.8
32,6.4593,913.7
32,6.5238,917.8
32,6.5879,921.5
32,6.652,924.9
32,6.7169,928.4
32,6.7798,931.5
32,6.8446,934.6
32,6.9084,937.4
32,6.9732,940.3
32,7.0358,942.5
32,7.1,945.0
32,7.1656,947.5
32,7.2293,949.4
32,7.2927,951.2
32,7.3569,952.7
32,7.4217,954.3
32,7.4846,955.5
32,7.5498,956.8
32,7.6126,957.4
32,7.677,957.9
32,7.742,958.4
32,7.8065,958.6
32,7.869,958.3
32,7.9336,958.1
32,7.9983,957.8
32,8.0615,956.8
32,8.1255,955.7
32,8.1896,954.3
32,8.2545,952.3
33,0.0,0.0
33,0.0512,4.2
33,0.1128,11.6
33,0.1763,19.8
33,0.2393,28.0
33,0.3005,36.1
33,0.364,44.6
33,0.4256,52.9
33,0.4888,61.5
33,0.5515,70.1
33,0.6132,78.5
33,0.6767,87.2
33,0.7383,95.6
33,0.801,104.2
33,0.864,112.7
33,0.926,121.1
33,0.9892,129.8
33,1.0504,138.1
33,1.1134,146.6
33,1.1765,155.3
33,1.2385,163.7
33,1.3013,172.3
33,1.363,180.6
33,1.4264,189.3
33,1.4891,197.8
33,1.5508,206.1
33,1.6138,214.6
33,1.6757,223.0
33,1.7388,231.4
33,1.8019,240.0
33,1.8632,248.2
33,1.9267,256.7
33,1.9882,264.9
33,2.0518,273.3
33,2.1136,281.5
33,2.176,289.9
33,2.2393,298.2
33,2.3009,306.2
33,2.3636,314.5
33,2.4265,322.7
33,2.4885,330.8
33,2.5521,339.2
33,2.6128,347.0
33,2.6764,355.2
33,2.7392,363.2
33,2.8012,371.1
33,2.864,379.1
33,2.9256,386.8
33,2.9889,394.9
33,3.0521,402.9
33,3.1132,410.5
33,3.1766,418.5
33,3.2383,426.2
33,3.3017,434.1
33,3.3645,441.7
33,3.4259,449.2
33,3.4893,457.0
33,3.551,464.4
33,3.6144,472.1
33,3.6766,479.5
33,3.7387,486.8
33,3.802,494.3
33,3.8636,501.4
33,3.9263,508.8
33,3.9892,516.1
33,4.0513,523.2
33,4.1146,530.4
33,4.1756,537.2
33,4.239,544.2
33,4.3018,551.2
33,4.3639,558.0
33,4.4268,564.8
33,4.4883,571.3
33,4.5519,578.0
33,4.6143,584.5
33,4.676,590.9
33,4.7393,597.4
33,4.8008,603.5
33,4.8644,609.7
33,4.9273,615.8
33,4.9884,621.7
33,5.0522,627.7
33,5.1134,633.3
33,5.1771,639.3
33,5.2391,644.6
33,5.3012,649.8
33,5.3647,655.3
33,5.4263,660.3
33,5.4889,665.5
33,5.552,670.3
33,5.6137,674.7
33,5.6774,679.4
33,5.7382,683.6
33,5.8017,688.2
33,5.8645,692.3
33,5.9266,696.1
33,5.9892,699.9
33,6.0509,703.2
33,6.1143,706.6
33,6.1773,709.8
33,6.2386,712.7
33,6.3021,715.6
33,6.3634,717.9
33,6.4272,720.5
33,6.4898,722.8
33,6.5513,724.8
33,6.6146,726.8
33,6.6764,728.5
33,6.7397,730.3
33,6.8018,731.8
33,6.8639,733.1
33,6.9274,734.5
33,6.9888,735.5
33,7.052,736.7
33,7.1143,737.6
33,7.1768,738.4
33,7.2399,739.3
33,7.3009,739.8
33,7.3645,740.4
33,7.4271,740.8
33,7.4891,740.9
33,7.5523,741.2
33,7.6134,741.1
33,7.6772,741.1
33,7.7398,740.8
33,7.8012,740.4
33,7.8647,739.9
33,7.9263,738.9
33,7.9897,737.9
33,8.0526,736.4
34,0.0,0.1
34,0.062,7.2
34,0.1301,15.9
34,0.1985,24.9
34,0.2661,34.2
34,0.3342,44.3
34,0.4024,54.5
34,0.4689,64.4
34,0.5376,74.7
34,0.6053,84.9
34,0.6731,95.1
34,0.7412,105.5
34,0.8096,115.8
34,0.8772,126.0
34,0.9447,136.3
34,1.0133,146.7
34,1.0811,157.0
34,1.1485,167.3
34,1.2171,177.7
34,1.2845,188.1
34,1.3516,198.4
34,1.4201,208.9
34,1.488,219.2
34,1.556,229.5
34,1.624,239.9
34,1.6924,250.3
34,1.7599,260.5
34,1.8271,270.6
34,1.8958,281.1
34,1.9635,291.2
34,2.0307,301.2
34,2.0999,311.6
34,2.167,321.5
34,2.2346,331.5
34,2.3029,341.6
34,2.3708,351.7
34,2.4394,361.9
34,2.5069,371.8
34,2.575,381.7
34,2.6422,391.4
34,2.7096,401.1
34,2.7783,410.9
34,2.8458,420.6
34,2.9135,430.4
34,2.9824,440.3
34,3.0499,450.0
34,3.1174,459.5
34,3.1857,469.2
34,3.2535,478.7
34,3.3218,488.3
34,3.3895,497.8
34,3.4573,507.3
34,3.5249,516.6
34,3.5922,525.5
34,3.6609,534.7
34,3.7285,543.8
34,3.7966,553.1
34,3.8647,562.4
34,3.933,571.5
34,4.0006,580.3
34,4.068,589.0
34,4.1365,597.9
34,4.2042,606.7
34,4.2717,615.4
34,4.3402,624.1
34,4.4071,632.4
34,4.4751,640.7
34,4.5434,649.1
34,4.6115,657.5
34,4.6797,665.8
34,4.7473,673.8
34,4.8151,681.7
34,4.8832,689.6
34,4.9502,697.2
34,5.019,704.9
34,5.0868,712.4
34,5.154,719.6
34,5.223,727.0
34,5.2899,733.9
34,5.3582,740.7
34,5.4261,747.3
34,5.4942,754.0
34,5.5629,760.6
34,5.6299,766.6
34,5.6978,772.6
34,5.7655,778.5
34,5.8326,783.9
34,5.9018,789.5
34,5.9691,794.8
34,6.0369,800.0
34,6.1059,805.2
34,6.1728,809.8
34,6.2408,814.4
34,6.3091,818.9
34,6.3769,823.2
34,6.4451,827.3
34,6.5123,831.0
34,6.5801,834.8
34,6.6481,838.3
34,6.7156,841.7
34,6.7842,845.2
34,6.852,848.4
34,6.9202,851.4
34,6.9884,854.3
34,7.0558,857.0
34,7.124,859.6
34,7.1913,861.9
34,7.2596,864.2
34,7.3271,866.2
34,7.3949,868.1
34,7.4627,870.0
34,7.5303,871.7
34,7.5988,873.5
34,7.6669,875.0
34,7.7348,876.5
34,7.8033,877.8
34,7.8709,878.8
34,7.9384,879.8
34,8.0064,880.7
34,8.0733,881.1
34,8.1423,881.8
34,8.2098,882.2
34,8.2775,882.3
34,8.3457,882.3
34,8.4134,881.8
34,8.4819,880.9
34,8.5497,878.7
34,8.6177,873.8
34,8.6863,862.8
34,8.7429,209.2
35,0.0,0.1
35,0.0312,1.0
35,0.076,3.3
35,0.1216,6.2
35,0.1644,8.9
35,0.21,11.8
35,0.2537,14.7
35,0.2983,17.7
35,0.3414,20.7
35,0.387,24.0
35,0.4307,27.1
35,0.4752,30.3
35,0.5198,33.6
35,0.5642,36.8
35,0.6079,40.0
35,0.6522,43.1
35,0.6975,46.4
35,0.7413,49.6
35,0.7856,52.8
35,0.8307,56.1
35,0.8741,59.2
35,0.9184,62.4
35,0.9626,65.6
35,1.0083,68.9
35,1.0511,71.9
35,1.0963,75.2
35,1.1399,78.4
35,1.1847,81.6
35,1.2278,84.6
35,1.2736,87.9
35,1.3179,91.1
35,1.3619,94.2
35,1.4069,97.5
35,1.4508,100.6
35,1.4952,103.8
35,1.5386,106.8
35,1.5842,110.1
35,1.6282,113.2
35,1.6722,116.2
35,1.7173,119.5
35,1.7605,122.5
35,1.8053,125.6
35,1.8486,128.6
35,1.8947,131.9
35,1.9374,134.8
35,1.9832,138.0
35,2.0271,141.1
35,2.0711,144.1
35,2.115,147.1
35,2.1599,150.2
35,2.205,153.3
35,2.2485,156.3
35,2.2934,159.4
35,2.3377,162.4
35,2.3817,165.4
35,2.4253,168.3
35,2.4703,171.4
35,2.5148,174.4
35,2.5584,177.3
35,2.6041,180.4
35,2.6473,183.2
35,2.6919,186.2
35,2.7354,189.0
35,2.7813,192.1
35,2.8249,194.9
35,2.8696,197.8
35,2.9143,200.7
35,2.9581,203.5
35,3.0017,206.3
35,3.0464,209.1
35,3.0914,212.0
35,3.135,214.8
35,3.1797,217.6
35,3.2242,220.4
35,3.2678,223.0
35,3.3118,225.7
35,3.3567,228.5
35,3.402,231.3
35,3.4453,233.9
35,3.4909,236.7
35,3.5343,239.3
35,3.5789,241.9
35,3.6218,244.4
35,3.6681,247.2
35,3.7117,249.7
35,3.7561,252.3
35,3.8007,254.8
35,3.8448,257.4
35,3.8889,259.8
35,3.9323,262.2
35,3.9779,264.8
35,4.0219,267.2
35,4.0663,269.6
35,4.1112,272.0
35,4.1549,274.3
35,4.199,276.6
35,4.2431,278.9
35,4.289,281.3
35,4.3316,283.4
35,4.3775,285.8
35,4.421,287.9
35,4.4656,290.0
35,4.5089,292.0
35,4.5539,294.1
35,4.5983,296.0
35,4.6424,298.0
35,4.6874,299.9
35,4.7317,301.7
35,4.7752,303.4
35,4.8193,305.1
35,4.8648,306.8
35,4.9088,308.2
35,4.953,309.6
35,4.9983,310.9
35,5.0414,312.0
35,5.0861,312.9
35,5.1299,313.6
35,5.1753,314.2
35,5.2184,314.3
35,5.2637,314.1
35,5.3076,313.4
35,5.3519,312.2
35,5.3953,309.4
35,5.4406,305.0
35,5.4852,301.1
35,5.5289,297.2
35,5.5748,293.9
35,5.6183,290.9
35,5.662,288.3
35,5.7061,285.9
36,0.0,0.1
36,0.0495,6.5
36,0.1123,16.8
36,0.1716,27.0
36,0.2341,38.1
36,0.2957,49.0
36,0.357,59.9
36,0.4178,70.8
36,0.4796,81.8
36,0.5399,92.7
36,0.602,103.9
36,0.6641,115.2
36,0.7244,126.1
36,0.7869,137.6
36,0.8469,148.4
36,0.9087,159.8
36,0.9701,171.1
36,1.0319,182.4
36,1.0922,193.5
36,1.1548,205.1
36,1.2144,216.0
36,1.2769,227.6
36,1.3384,238.9
36,1.3995,250.1
36,1.4606,261.4
36,1.522,272.6
36,1.5829,283.8
36,1.6451,295.3
36,1.7064,306.5
36,1.7672,317.6
36,1.8294,329.0
36,1.8895,339.9
36,1.9517,351.3
36,2.0128,362.4
36,2.0744,373.5
36,2.1351,384.5
36,2.1974,395.7
36,2.257,406.4
36,2.3195,417.7
36,2.3812,428.8
36,2.4419,439.5
36,2.5036,450.5
36,2.5645,461.4
36,2.6257,472.2
36,2.6876,483.2
36,2.7492,494.1
36,2.8098,504.7
36,2.8721,515.6
36,2.9319,525.9
36,2.9943,536.8
36,3.0559,547.4
36,3.1168,557.6
36,3.1783,568.1
36,3.2397,578.6
36,3.2999,588.7
36,3.3624,599.3
36,3.4237,609.5
36,3.4847,619.6
36,3.5463,629.8
36,3.6067,639.6
36,3.6687,649.8
36,3.7302,659.8
36,3.7916,669.6
36,3.8524,679.3
36,3.9143,689.2
36,3.9753,698.7
36,4.0377,708.5
36,4.0992,718.0
36,4.1602,727.3
36,4.2214,736.6
36,4.2828,745.8
36,4.3434,754.7
36,4.4054,763.8
36,4.4674,772.8
36,4.5278,781.3
36,4.5899,790.0
36,4.65,798.2
36,4.7121,806.6
36,4.7739,814.9
36,4.8347,822.6
36,4.8959,830.4
36,4.9576,838.0
36,5.0178,845.1
36,5.0805,852.5
36,5.1417,859.4
36,5.2028,866.0
36,5.2648,872.7
36,5.3251,878.8
36,5.3868,885.0
36,5.4481,891.0
36,5.5097,896.9
36,5.5708,902.4
36,5.6324,907.9
36,5.6928,913.0
36,5.7547,918.3
36,5.8165,923.4
36,5.8775,928.2
36,5.9388,932.9
36,5.9998,937.3
36,6.0608,941.5
36,6.1226,945.8
36,6.1852,950.0
36,6.2449,953.5
36,6.3076,957.5
36,6.3677,960.7
36,6.4292,964.1
36,6.4913,967.4
36,6.5524,970.3
36,6.613,973.0
36,6.6753,975.7
36,6.7351,977.9
36,6.7977,980.4
36,6.8592,982.5
36,6.9197,984.1
36,6.9819,986.0
36,7.0422,987.2
36,7.1037,988.5
36,7.1656,989.7
36,7.2274,990.7
36,7.2876,991.2
36,7.3501,991.9
36,7.4102,991.9
36,7.4725,992.1
36,7.5338,991.8
36,7.595,991.1
36,7.6558,990.0
36,7.7178,988.5
36,7.7778,985.9
36,7.8401,982.4
36,7.9027,976.4
37,0.0,0.0
37,0.0486,4.4
37,0.109,12.9
37,0.1695,21.7
37,0.2296,30.9
37,0.2893,41.1
37,0.3501,51.6
37,0.4098,61.9
37,0.4694,72.3
37,0.5299,82.8
37,0.5903,93.3
37,0.6499,103.7
37,0.7106,114.3
37,0.7711,124.8
37,0.83,135.0
37,0.8904,145.6
37,0.9506,156.1
37,1.0114,166.8
37,1.0711,177.2
37,1.1315,187.8
37,1.1913,198.2
37,1.2508,208.6
37,1.311,219.2
37,1.3724,229.8
37,1.432,240.2
37,1.492,250.6
37,1.5521,260.9
37,1.6113,270.9
37,1.672,281.3
37,1.7327,291.6
37,1.7931,301.6
37,1.8522,311.5
37,1.9129,321.9
37,1.9725,331.8
37,2.033,341.8
37,2.0933,351.8
37,2.1534,361.9
37,2.2133,371.7
37,2.2733,381.7
37,2.3337,391.8
37,2.3933,401.6
37,2.4541,411.6
37,2.5138,421.5
37,2.5745,431.4
37,2.6335,440.9
37,2.6949,451.0
37,2.7545,460.5
37,2.814,470.1
37,2.875,479.8
37,2.9346,489.3
37,2.9949,498.8
37,3.0553,508.5
37,3.1155,518.1
37,3.1747,527.2
37,3.2353,536.7
37,3.2958,546.1
37,3.3554,555.2
37,3.4157,564.4
37,3.4764,573.7
37,3.5356,582.6
37,3.5957,591.6
37,3.6562,600.6
37,3.717,609.6
37,3.7766,618.4
37,3.8366,627.3
37,3.8971,636.1
37,3.956,644.5
37,4.0166,653.2
37,4.0776,662.0
37,4.1375,670.3
37,4.197,678.6
37,4.2578,687.3
37,4.317,695.4
37,4.3779,703.7
37,4.4378,711.8
37,4.4982,719.7
37,4.5579,727.5
37,4.6181,735.3
37,4.6782,743.0
37,4.7378,750.4
37,4.7988,758.0
37,4.8589,765.3
37,4.9191,772.4
37,4.9783,779.2
37,5.0391,786.1
37,5.0988,792.4
37,5.1593,799.0
37,5.2192,805.2
37,5.2796,811.2
37,5.339,816.9
37,5.4001,822.6
37,5.4604,828.2
37,5.5191,833.3
37,5.5803,838.8
37,5.6398,843.8
37,5.7004,848.9
37,5.7603,853.6
37,5.8211,858.3
37,5.8804,862.5
37,5.9403,866.7
37,6.001,871.1
37,6.0614,875.1
37,6.1213,878.9
37,6.1813,882.6
37,6.2413,886.1
37,6.3004,889.3
37,6.3615,892.6
37,6.4222,895.8
37,6.4823,898.8
37,6.5416,901.4
37,6.6025,904.0
37,6.6616,906.1
37,6.7216,908.2
37,6.783,910.2
37,6.8426,911.9
37,6.9023,913.3
37,6.9628,914.7
37,7.0227,915.9
37,7.0828,916.8
37,7.1432,917.5
37,7.2035,918.1
37,7.2636,918.4
37,7.3229,918.3
37,7.3838,918.2
37,7.4434,917.4
37,7.504,916.6
37,7.5641,915.3
37,7.6241,913.8
37,7.6838,911.6
37,7.745,908.6
38,0.0,0.1
38,0.0595,3.9
38,0.1255,10.4
38,0.1915,18.0
38,0.2573,25.5
38,0.3226,33.4
38,0.3884,41.5
38,0.4538,49.6
38,0.5196,57.8
38,0.5849,65.9
38,0.651,74.1
38,0.716,82.3
38,0.7821,90.5
38,0.8472,98.7
38,0.914,107.1
38,0.9786,115.1
38,1.0444,123.2
38,1.1102,131.5
38,1.1757,139.7
38,1.2416,148.0
38,1.3063,156.0
38,1.3727,164.3
38,1.4383,172.5
38,1.5048,180.6
38,1.5687,188.6
38,1.6356,197.0
38,1.7007,205.1
38,1.7664,213.2
38,1.8319,221.2
38,1.8975,229.3
38,1.9635,237.4
38,2.0291,245.4
38,2.0949,253.4
38,2.1606,261.5
38,2.2259,269.4
38,2.2915,277.3
38,2.3566,285.2
38,2.4232,293.2
38,2.488,300.9
38,2.5538,308.8
38,2.6195,316.7
38,2.6858,324.6
38,2.7508,332.3
38,2.8162,340.0
38,2.8822,347.7
38,2.9474,355.4
38,3.0139,363.1
38,3.0782,370.6
38,3.1447,378.3
38,3.2105,385.9
38,3.2765,393.6
38,3.3411,401.0
38,3.4071,408.5
38,3.4727,415.9
38,3.5384,423.3
38,3.6041,430.7
38,3.6696,438.1
38,3.7351,445.5
38,3.8012,452.9
38,3.8665,460.0
38,3.9325,467.1
38,3.9973,474.2
38,4.0631,481.3
38,4.1289,488.5
38,4.195,495.5
38,4.2601,502.4
38,4.3257,509.2
38,4.3916,516.0
38,4.4577,522.9
38,4.5228,529.7
38,4.5876,536.4
38,4.6541,543.2
38,4.7199,549.8
38,4.7857,556.3
38,4.85,562.5
38,4.9169,569.1
38,4.9821,575.4
38,5.0487,581.7
38,5.113,587.7
38,5.1791,593.9
38,5.2444,599.9
38,5.3104,605.9
38,5.3762,611.7
38,5.4415,617.4
38,5.5075,623.0
38,5.5728,628.5
38,5.639,634.0
38,5.7045,639.3
38,5.769,644.3
38,5.8352,649.4
38,5.901,654.3
38,5.9671,659.0
38,6.032,663.5
38,6.0975,667.7
38,6.1636,672.0
38,6.229,676.1
38,6.2954,680.2
38,6.3592,683.8
38,6.4264,687.6
38,6.4915,691.0
38,6.5578,694.5
38,6.6224,697.6
38,6.6889,700.8
38,6.7541,703.9
38,6.8198,706.7
38,6.8856,709.4
38,6.9509,711.9
38,7.0163,714.1
38,7.0824,716.4
38,7.1479,718.2
38,7.214,720.2
38,7.2791,721.8
38,7.3447,723.4
38,7.4104,724.9
38,7.4762,726.2
38,7.5414,727.3
38,7.6069,728.2
38,7.6731,729.1
38,7.7389,729.8
38,7.8043,730.3
38,7.8693,730.5
38,7.9354,730.9
38,8.0013,731.0
38,8.0671,730.8
38,8.1317,730.2
38,8.1983,729.6
38,8.2632,728.5
38,8.33,727.0
38,8.3944,724.6
38,8.461,720.9
39,0.0,0.1
39,0.0497,1.7
39,0.1097,7.9
39,0.1703,14.2
39,0.2291,19.5
39,0.2891,20.2
39,0.3482,23.6
39,0.4091,31.2
39,0.4688,38.8
39,0.5279,46.5
39,0.5889,54.5
39,0.6469,62.2
39,0.7073,70.2
39,0.7672,78.3
39,0.8271,86.3
39,0.8866,94.4
39,0.947,102.6
39,1.0067,110.7
39,1.0654,118.7
39,1.1259,127.0
39,1.1851,135.1
39,1.2456,143.4
39,1.3046,151.4
39,1.3651,159.8
39,1.425,167.9
39,1.4833,175.8
39,1.5438,184.1
39,1.6041,192.3
39,1.6638,200.4
39,1.723,208.4
39,1.7845,216.8
39,1.8427,224.6
39,1.9022,232.6
39,1.9617,240.7
39,2.0223,248.9
39,2.0823,256.9
39,2.1409,264.7
39,2.2027,273.0
39,2.2607,280.6
39,2.3203,288.5
39,2.3802,296.5
39,2.4409,304.7
39,2.5005,312.5
39,2.5595,320.2
39,2.6208,328.3
39,2.6788,335.8
39,2.7391,343.7
39,2.7984,351.3
39,2.8588,359.1
39,2.9187,366.8
39,2.978,374.4
39,3.0389,382.2
39,3.0972,389.4
39,3.1574,397.1
39,3.2169,404.4
39,3.2773,412.0
39,3.3365,419.2
39,3.3972,426.8
39,3.4566,434.0
39,3.515,441.1
39,3.5761,448.6
39,3.6352,455.7
39,3.696,463.1
39,3.7548,470.0
39,3.8156,477.3
39,3.8746,484.1
39,3.9332,490.9
39,3.9942,498.0
39,4.0538,504.9
39,4.1138,511.7
39,4.173,518.4
39,4.2342,525.4
39,4.2925,531.7
39,4.3519,538.3
39,4.4129,545.0
39,4.4721,551.5
39,4.5324,557.9
39,4.5911,564.1
39,4.6522,570.6
39,4.7106,576.5
39,4.7702,582.7
39,4.8308,588.8
39,4.8908,594.7
39,4.95,600.5
39,5.0102,606.3
39,5.0705,611.9
39,5.1286,617.1
39,5.1892,622.6
39,5.2487,627.8
39,5.3089,633.0
39,5.3686,637.8
39,5.4283,642.7
39,5.4884,647.3
39,5.5469,651.5
39,5.6073,656.0
39,5.6675,660.1
39,5.7275,664.0
39,5.7867,667.7
39,5.8474,671.4
39,5.906,674.6
39,5.9652,677.6
39,6.0258,680.7
39,6.0857,683.6
39,6.1455,686.2
39,6.2054,688.7
39,6.2656,691.1
39,6.3243,693.0
39,6.3842,694.9
39,6.444,696.7
39,6.5044,698.4
39,6.5633,699.8
39,6.6235,701.1
39,6.6842,702.4
39,6.742,703.2
39,6.8026,704.1
39,6.8624,704.8
39,6.922,705.4
39,6.982,705.9
39,7.0424,706.3
39,7.1019,706.6
39,7.1605,706.5
39,7.2206,706.6
39,7.281,706.5
39,7.3408,706.3
39,7.3999,705.9
39,7.4607,705.6
39,7.5201,704.9
39,7.5787,704.0
39,7.6392,703.3
39,7.6998,702.4
40,0.0,0.2
40,0.0354,4.3
40,0.0807,11.0
40,0.1247,17.5
40,0.1692,19.6
40,0.2132,20.6
40,0.2581,23.3
40,0.3035,30.4
40,0.3466,37.1
40,0.3918,44.2
40,0.4363,51.3
40,0.4798,58.3
40,0.5238,65.3
40,0.5695,72.7
40,0.6133,79.9
40,0.6578,87.0
40,0.7021,94.2
40,0.7466,101.4
40,0.7913,108.7
40,0.8347,115.6
40,0.8808,123.2
40,0.925,130.4
40,0.9689,137.5
40,1.0136,144.8
40,1.0572,151.8
40,1.1018,159.1
40,1.146,166.2
40,1.1915,173.6
40,1.2349,180.6
40,1.2796,187.9
40,1.3237,195.0
40,1.3684,202.2
40,1.412,209.3
40,1.4572,216.5
40,1.5029,224.0
40,1.5457,230.8
40,1.5912,238.2
40,1.6347,245.2
40,1.6795,252.4
40,1.7232,259.4
40,1.7683,266.6
40,1.8134,274.0
40,1.857,280.9
40,1.9016,288.1
40,1.9457,295.2
40,1.9899,302.3
40,2.0336,309.2
40,2.0798,316.7
40,2.1232,323.6
40,2.1678,330.7
40,2.2131,337.9
40,2.2564,344.8
40,2.3014,351.9
40,2.3446,358.6
40,2.391,366.1
40,2.4349,373.0
40,2.4789,379.9
40,2.5237,386.9
40,2.5671,393.7
40,2.6116,400.6
40,2.656,407.6
40,2.7015,414.7
40,2.7449,421.4
40,2.7902,428.4
40,2.8339,435.1
40,2.8785,441.9
40,2.9219,448.5
40,2.9674,455.4
40,3.0131,462.5
40,3.0559,468.9
40,3.1009,475.7
40,3.1455,482.4
40,3.1892,489.0
40,3.2329,495.4
40,3.2781,502.2
40,3.3229,509.0
40,3.3669,515.5
40,3.4114,522.1
40,3.4558,528.6
40,3.4997,535.1
40,3.5438,541.5
40,3.5899,548.3
40,3.6336,554.7
40,3.6783,561.2
40,3.723,567.7
40,3.7668,573.9
40,3.8111,580.3
40,3.8547,586.5
40,3.9006,593.1
40,3.9444,599.3
40,3.9887,605.6
40,4.0332,611.8
40,4.0778,618.1
40,4.1213,624.1
40,4.1663,630.4
40,4.2115,636.7
40,4.255,642.5
40,4.3004,648.8
40,4.3442,654.7
40,4.3888,660.7
40,4.4324,666.5
40,4.4773,672.5
40,4.5227,678.5
40,4.5656,684.1
40,4.6106,690.0
40,4.6552,695.7
40,4.6991,701.4
40,4.7429,706.9
40,4.7883,712.7
40,4.8329,718.3
40,4.8773,723.8
40,4.9217,729.2
40,4.9661,734.5
40,5.0109,739.9
40,5.0539,744.8
40,5.1002,750.3
40,5.1436,755.1
40,5.1881,759.8
40,5.2328,764.4
40,5.2765,768.6
40,5.321,772.5
40,5.3651,776.0
40,5.4108,779.6
40,5.4544,782.5
40,5.4988,785.2
40,5.5435,787.5
40,5.588,789.2
40,5.6315,789.9
40,5.6763,788.1
40,5.7099,190.6
41,0.0,0.1
41,0.0453,2.5
41,0.1029,7.6
41,0.1627,13.8
41,0.2207,19.0
41,0.2791,23.2
41,0.3364,29.4
41,0.3966,35.9
41,0.4535,42.0
41,0.5112,48.3
41,0.5705,54.9
41,0.6279,61.3
41,0.6877,68.2
41,0.745,74.7
41,0.8039,81.6
41,0.8627,88.5
41,0.9204,95.1
41,0.9778,101.8
41,1.0363,108.7
41,1.0948,115.5
41,1.1534,122.3
41,1.2119,129.1
41,1.2695,135.8
41,1.3292,142.8
41,1.387,149.6
41,1.4447,156.2
41,1.5025,162.9
41,1.5607,169.8
41,1.6198,176.6
41,1.6779,183.3
41,1.7366,190.0
41,1.7942,196.7
41,1.8539,203.6
41,1.9111,210.1
41,1.9688,216.7
41,2.0279,223.5
41,2.0854,230.0
41,2.1446,236.8
41,2.203,243.4
41,2.2606,249.8
41,2.32,256.6
41,2.3781,263.1
41,2.4349,269.4
41,2.4945,276.1
41,2.552,282.5
41,2.6107,289.0
41,2.6694,295.5
41,2.7268,301.8
41,2.7864,308.4
41,2.8446,314.8
41,2.9022,321.0
41,2.9597,327.2
41,3.0183,333.6
41,3.0773,340.0
41,3.1353,346.2
41,3.1941,352.5
41,3.2512,358.5
41,3.3118,365.0
41,3.3686,370.9
41,3.4262,376.9
41,3.4853,383.1
41,3.5425,389.0
41,3.6024,395.2
41,3.66,401.1
41,3.718,406.9
41,3.777,412.9
41,3.8353,418.7
41,3.8925,424.4
41,3.9514,430.2
41,4.0095,435.8
41,4.0677,441.5
41,4.1266,447.1
41,4.1844,452.6
41,4.2433,458.1
41,4.3021,463.6
41,4.3595,468.7
41,4.4169,473.8
41,4.4764,479.2
41,4.5347,484.3
41,4.5925,489.4
41,4.6513,494.4
41,4.7089,499.1
41,4.7685,504.0
41,4.8262,508.5
41,4.8835,512.9
41,4.9425,517.5
41,5.001,521.8
41,5.0592,525.9
41,5.1175,530.0
41,5.1756,533.8
41,5.234,537.5
41,5.2931,541.1
41,5.3498,544.3
41,5.4087,547.4
41,5.4669,550.4
41,5.5252,553.3
41,5.5841,555.9
41,5.6417,558.2
41,5.7004,560.4
41,5.7592,562.6
41,5.8172,564.4
41,5.8741,566.1
41,5.9336,567.9
41,5.992,569.5
41,6.0496,570.9
41,6.1091,572.4
41,6.166,573.5
41,6.2258,574.9
41,6.284,576.0
41,6.3408,576.8
41,6.3999,577.8
41,6.4581,578.6
41,6.5169,579.5
41,6.5749,580.2
41,6.6328,580.6
41,6.6914,581.2
41,6.7505,581.7
41,6.8076,582.0
41,6.8659,582.1
41,6.9243,582.4
41,6.9833,582.5
41,7.0413,582.4
41,7.0992,582.3
41,7.1576,582.1
41,7.2167,582.0
41,7.2746,581.5
41,7.3314,581.0
41,7.391,580.7
41,7.4491,580.2
41,7.508,579.7
42,0.0,0.0
42,0.0503,3.6
42,0.1114,10.6
42,0.1713,17.5
42,0.2327,21.8
42,0.2913,31.1
42,0.352,41.1
42,0.4122,51.1
42,0.4724,61.5
42,0.533,72.1
42,0.5933,82.7
42,0.6534,93.2
42,0.7129,103.8
42,0.7734,114.5
42,0.8339,125.2
42,0.8944,135.9
42,0.9545,146.5
42,1.0158,157.5
42,1.0743,167.9
42,1.135,178.9
42,1.1956,189.7
42,1.2561,200.5
42,1.3153,211.1
42,1.3771,222.2
42,1.4361,232.8
42,1.4958,243.5
42,1.5568,254.5
42,1.6175,265.4
42,1.6769,275.9
42,1.7382,287.0
42,1.7981,297.6
42,1.8576,308.2
42,1.9181,319.0
42,1.9785,329.7
42,2.0395,340.5
42,2.0986,350.9
42,2.1603,361.8
42,2.2188,372.0
42,2.2795,382.7
42,2.3396,393.3
42,2.4007,404.0
42,2.4604,414.4
42,2.5208,425.0
42,2.581,435.3
42,2.6402,445.6
42,2.7017,456.2
42,2.7617,466.5
42,2.822,476.9
42,2.8822,487.2
42,2.9429,497.6
42,3.0016,507.4
42,3.0629,517.9
42,3.1231,528.1
42,3.1832,538.2
42,3.2437,548.3
42,3.3043,558.4
42,3.3637,568.2
42,3.4236,578.1
42,3.4841,588.0
42,3.5453,598.1
42,3.6049,607.8
42,3.6656,617.6
42,3.726,627.3
42,3.7848,636.6
42,3.8457,646.3
42,3.9066,655.9
42,3.9664,665.2
42,4.0264,674.5
42,4.0877,684.0
42,4.1465,692.8
42,4.2067,701.9
42,4.2679,711.1
42,4.3281,720.0
42,4.388,728.7
42,4.4497,737.7
42,4.5079,745.7
42,4.5686,754.2
42,4.6286,762.4
42,4.6894,770.7
42,4.7499,778.7
42,4.8095,786.4
42,4.8705,794.3
42,4.9294,801.4
42,4.9905,808.9
42,5.0503,816.0
42,5.1115,823.0
42,5.1707,829.5
42,5.2328,836.3
42,5.2911,842.1
42,5.3512,848.1
42,5.4125,854.0
42,5.4724,859.4
42,5.5324,864.7
42,5.5931,869.7
42,5.6533,874.5
42,5.712,878.8
42,5.7736,883.4
42,5.8339,887.5
42,5.8938,891.4
42,5.9546,895.2
42,6.0151,898.8
42,6.0743,901.9
42,6.1349,905.2
42,6.195,908.2
42,6.2559,911.1
42,6.3155,913.7
42,6.3765,916.4
42,6.4362,918.5
42,6.4958,920.5
42,6.5563,922.6
42,6.6172,924.4
42,6.6769,925.9
42,6.7375,927.5
42,6.7979,928.7
42,6.8571,929.6
42,6.9179,930.6
42,6.9786,931.5
42,7.0386,932.1
42,7.0987,932.5
42,7.1603,933.1
42,7.2184,932.9
42,7.2798,933.0
42,7.3395,932.8
42,7.4002,932.6
42,7.4602,931.8
42,7.5209,931.2
42,7.5806,930.2
42,7.6401,928.7
42,7.7012,927.3
42,7.7618,925.3
43,0.0,0.0
43,0.0511,2.5
43,0.1123,5.9
43,0.1749,10.6
43,0.2361,17.2
43,0.2983,24.7
43,0.3613,32.6
43,0.4222,40.3
43,0.4851,48.4
43,0.546,56.2
43,0.6085,64.3
43,0.671,72.4
43,0.7332,80.5
43,0.7955,88.6
43,0.857,96.6
43,0.9191,104.7
43,0.9818,112.9
43,1.0434,121.1
43,1.1054,129.3
43,1.1675,137.4
43,1.2289,145.5
43,1.2916,153.8
43,1.3536,161.9
43,1.415,170.0
43,1.4783,178.3
43,1.5395,186.3
43,1.602,194.5
43,1.6644,202.6
43,1.7256,210.5
43,1.7886,218.7
43,1.8493,226.6
43,1.912,234.7
43,1.9741,242.8
43,2.0359,250.6
43,2.0983,258.6
43,2.1596,266.4
43,2.2226,274.5
43,2.2852,282.5
43,2.3466,290.3
43,2.4091,298.2
43,2.4702,305.8
43,2.5328,313.7
43,2.5946,321.4
43,2.657,329.2
43,2.7184,336.8
43,2.7808,344.6
43,2.8421,352.2
43,2.9054,359.9
43,2.9677,367.6
43,3.0292,375.1
43,3.0915,382.7
43,3.1528,390.2
43,3.2152,397.7
43,3.2778,405.3
43,3.3391,412.7
43,3.4016,420.2
43,3.4628,427.4
43,3.5253,434.8
43,3.5879,442.1
43,3.6498,449.4
43,3.7121,456.7
43,3.7735,463.8
43,3.8361,471.1
43,3.8982,478.3
43,3.9602,485.4
43,4.0218,492.4
43,4.0839,499.3
43,4.1459,506.3
43,4.2082,513.2
43,4.2703,520.0
43,4.3317,526.6
43,4.3948,533.4
43,4.4565,540.0
43,4.5187,546.6
43,4.5811,553.0
43,4.6422,559.4
43,4.7052,565.9
43,4.7659,572.0
43,4.8288,578.3
43,4.8908,584.5
43,4.9526,590.3
43,5.0149,596.4
43,5.0763,602.2
43,5.1393,608.1
43,5.2016,613.9
43,5.2633,619.3
43,5.3256,624.8
43,5.3869,630.0
43,5.4496,635.2
43,5.5113,640.2
43,5.5738,645.3
43,5.635,649.9
43,5.6974,654.4
43,5.7589,658.7
43,5.8221,663.0
43,5.8843,667.1
43,5.9457,670.9
43,6.0081,674.6
43,6.0695,677.9
43,6.132,681.1
43,6.1943,684.1
43,6.2557,686.8
43,6.3185,689.5
43,6.3793,691.8
43,6.4422,694.1
43,6.5042,696.2
43,6.5665,697.9
43,6.6289,699.8
43,6.6902,701.3
43,6.7529,702.8
43,6.8148,704.2
43,6.8766,705.3
43,6.9386,706.4
43,7.0005,707.3
43,7.0628,708.3
43,7.1248,709.0
43,7.1868,709.7
43,7.2487,710.2
43,7.3115,710.7
43,7.3731,711.0
43,7.4352,711.4
43,7.4976,711.5
43,7.5593,711.5
43,7.6219,711.6
43,7.6826,711.3
43,7.7456,711.2
43,7.8074,710.9
43,7.8695,710.5
43,7.9317,710.0
43,7.9934,709.3
44,0.0,0.0
44,0.0402,1.8
44,0.0914,7.0
44,0.1429,12.7
44,0.1942,18.4
44,0.2456,24.2
44,0.2973,30.2
44,0.3486,36.3
44,0.4002,42.3
44,0.4513,48.3
44,0.5025,54.3
44,0.5538,60.4
44,0.6053,66.5
44,0.6565,72.5
44,0.7079,78.5
44,0.759,84.5
44,0.8107,90.6
44,0.8617,96.6
44,0.9131,102.6
44,0.9643,108.6
44,1.0151,114.6
44,1.0659,120.5
44,1.1173,126.6
44,1.1687,132.6
44,1.2202,138.7
44,1.2714,144.6
44,1.3227,150.6
44,1.3738,156.7
44,1.4253,162.8
44,1.4768,168.8
44,1.5275,174.8
44,1.5788,180.8
44,1.6303,186.8
44,1.6818,192.8
44,1.7331,198.8
44,1.7844,204.8
44,1.8357,210.7
44,1.8873,216.7
44,1.9387,222.7
44,1.9897,228.6
44,2.0404,234.4
44,2.0921,240.4
44,2.1433,246.2
44,2.1944,252.1
44,2.2456,258.0
44,2.297,263.9
44,2.3484,269.7
44,2.3997,275.6
44,2.4506,281.4
44,2.5022,287.2
44,2.553,292.9
44,2.6043,298.7
44,2.6553,304.4
44,2.7069,310.1
44,2.7582,315.9
44,2.8097,321.7
44,2.861,327.5
44,2.9122,333.2
44,2.9634,338.8
44,3.0149,344.5
44,3.0654,350.1
44,3.1163,355.7
44,3.1676,361.3
44,3.2191,366.9
44,3.2702,372.5
44,3.3217,378.1
44,3.3728,383.6
44,3.4244,389.2
44,3.4756,394.7
44,3.5272,400.2
44,3.5776,405.6
44,3.6295,411.2
44,3.6807,416.6
44,3.7325,422.1
44,3.7835,427.4
44,3.8353,432.8
44,3.8864,438.2
44,3.9381,443.6
44,3.9891,448.8
44,4.0407,454.2
44,4.0911,459.3
44,4.1429,464.6
44,4.1936,469.7
44,4.245,475.0
44,4.2963,480.1
44,4.3475,485.2
44,4.3986,490.4
44,4.4499,495.5
44,4.5011,500.6
44,4.5525,505.6
44,4.6034,510.5
44,4.6546,515.4
44,4.7061,520.3
44,4.7574,525.2
44,4.8089,530.1
44,4.8601,535.0
44,4.9117,539.8
44,4.9627,544.5
44,5.0146,549.3
44,5.0658,553.9
44,5.1164,558.5
44,5.1676,563.1
44,5.2194,567.7
44,5.2704,572.1
44,5.3217,576.5
44,5.373,580.8
44,5.4247,585.2
44,5.4757,589.4
44,5.5273,593.6
44,5.578,597.6
44,5.6291,601.7
44,5.6803,605.6
44,5.7319,609.5
44,5.7826,613.2
44,5.8343,616.9
44,5.8856,620.5
44,5.9372,624.0
44,5.9882,627.3
44,6.0398,630.6
44,6.0909,633.6
44,6.1418,636.7
44,6.1929,639.5
44,6.244,642.2
44,6.2955,644.8
44,6.3467,647.2
44,6.3978,649.5
44,6.4488,651.5
44,6.5001,653.3
44,6.5517,654.4
44,6.5949,159.9
